image_path,mask_path
C:\Beyond_vision\semi_supervised learning GAN\semi_supervised learning GAN\dataset\0.05\labelled_img\013_positive_01013_1_2024-02-12_0_coronal.jpg,C:\Beyond_vision\semi_supervised learning GAN\semi_supervised learning GAN\dataset\0.05\labelled_msk\013_positive_01013_1_2024-02-12_0_coronal.nii
C:\Beyond_vision\semi_supervised learning GAN\semi_supervised learning GAN\dataset\0.05\labelled_img\013_positive_01013_1_2024-02-12_0_sagittal.jpg,C:\Beyond_vision\semi_supervised learning GAN\semi_supervised learning GAN\dataset\0.05\labelled_msk\013_positive_01013_1_2024-02-12_0_sagittal.nii
C:\Beyond_vision\semi_supervised learning GAN\semi_supervised learning GAN\dataset\0.05\labelled_img\013_positive_01013_1_2024-02-12_100_coronal.jpg,C:\Beyond_vision\semi_supervised learning GAN\semi_supervised learning GAN\dataset\0.05\labelled_msk\013_positive_01013_1_2024-02-12_100_coronal.nii
C:\Beyond_vision\semi_supervised learning GAN\semi_supervised learning GAN\dataset\0.05\labelled_img\013_positive_01013_1_2024-02-12_100_sagittal.jpg,C:\Beyond_vision\semi_supervised learning GAN\semi_supervised learning GAN\dataset\0.05\labelled_msk\013_positive_01013_1_2024-02-12_100_sagittal.nii
C:\Beyond_vision\semi_supervised learning GAN\semi_supervised learning GAN\dataset\0.05\labelled_img\013_positive_01013_1_2024-02-12_101_coronal.jpg,C:\Beyond_vision\semi_supervised learning GAN\semi_supervised learning GAN\dataset\0.05\labelled_msk\013_positive_01013_1_2024-02-12_101_coronal.nii
C:\Beyond_vision\semi_supervised learning GAN\semi_supervised learning GAN\dataset\0.05\labelled_img\013_positive_01013_1_2024-02-12_101_sagittal.jpg,C:\Beyond_vision\semi_supervised learning GAN\semi_supervised learning GAN\dataset\0.05\labelled_msk\013_positive_01013_1_2024-02-12_101_sagittal.nii
C:\Beyond_vision\semi_supervised learning GAN\semi_supervised learning GAN\dataset\0.05\labelled_img\013_positive_01013_1_2024-02-12_102_coronal.jpg,C:\Beyond_vision\semi_supervised learning GAN\semi_supervised learning GAN\dataset\0.05\labelled_msk\013_positive_01013_1_2024-02-12_102_coronal.nii
C:\Beyond_vision\semi_supervised learning GAN\semi_supervised learning GAN\dataset\0.05\labelled_img\013_positive_01013_1_2024-02-12_102_sagittal.jpg,C:\Beyond_vision\semi_supervised learning GAN\semi_supervised learning GAN\dataset\0.05\labelled_msk\013_positive_01013_1_2024-02-12_102_sagittal.nii
C:\Beyond_vision\semi_supervised learning GAN\semi_supervised learning GAN\dataset\0.05\labelled_img\013_positive_01013_1_2024-02-12_103_coronal.jpg,C:\Beyond_vision\semi_supervised learning GAN\semi_supervised learning GAN\dataset\0.05\labelled_msk\013_positive_01013_1_2024-02-12_103_coronal.nii
C:\Beyond_vision\semi_supervised learning GAN\semi_supervised learning GAN\dataset\0.05\labelled_img\013_positive_01013_1_2024-02-12_103_sagittal.jpg,C:\Beyond_vision\semi_supervised learning GAN\semi_supervised learning GAN\dataset\0.05\labelled_msk\013_positive_01013_1_2024-02-12_103_sagittal.nii
C:\Beyond_vision\semi_supervised learning GAN\semi_supervised learning GAN\dataset\0.05\labelled_img\013_positive_01013_1_2024-02-12_104_coronal.jpg,C:\Beyond_vision\semi_supervised learning GAN\semi_supervised learning GAN\dataset\0.05\labelled_msk\013_positive_01013_1_2024-02-12_104_coronal.nii
C:\Beyond_vision\semi_supervised learning GAN\semi_supervised learning GAN\dataset\0.05\labelled_img\013_positive_01013_1_2024-02-12_104_sagittal.jpg,C:\Beyond_vision\semi_supervised learning GAN\semi_supervised learning GAN\dataset\0.05\labelled_msk\013_positive_01013_1_2024-02-12_104_sagittal.nii
C:\Beyond_vision\semi_supervised learning GAN\semi_supervised learning GAN\dataset\0.05\labelled_img\013_positive_01013_1_2024-02-12_105_coronal.jpg,C:\Beyond_vision\semi_supervised learning GAN\semi_supervised learning GAN\dataset\0.05\labelled_msk\013_positive_01013_1_2024-02-12_105_coronal.nii
C:\Beyond_vision\semi_supervised learning GAN\semi_supervised learning GAN\dataset\0.05\labelled_img\013_positive_01013_1_2024-02-12_105_sagittal.jpg,C:\Beyond_vision\semi_supervised learning GAN\semi_supervised learning GAN\dataset\0.05\labelled_msk\013_positive_01013_1_2024-02-12_105_sagittal.nii
C:\Beyond_vision\semi_supervised learning GAN\semi_supervised learning GAN\dataset\0.05\labelled_img\013_positive_01013_1_2024-02-12_106_coronal.jpg,C:\Beyond_vision\semi_supervised learning GAN\semi_supervised learning GAN\dataset\0.05\labelled_msk\013_positive_01013_1_2024-02-12_106_coronal.nii
C:\Beyond_vision\semi_supervised learning GAN\semi_supervised learning GAN\dataset\0.05\labelled_img\013_positive_01013_1_2024-02-12_106_sagittal.jpg,C:\Beyond_vision\semi_supervised learning GAN\semi_supervised learning GAN\dataset\0.05\labelled_msk\013_positive_01013_1_2024-02-12_106_sagittal.nii
C:\Beyond_vision\semi_supervised learning GAN\semi_supervised learning GAN\dataset\0.05\labelled_img\013_positive_01013_1_2024-02-12_107_coronal.jpg,C:\Beyond_vision\semi_supervised learning GAN\semi_supervised learning GAN\dataset\0.05\labelled_msk\013_positive_01013_1_2024-02-12_107_coronal.nii
C:\Beyond_vision\semi_supervised learning GAN\semi_supervised learning GAN\dataset\0.05\labelled_img\013_positive_01013_1_2024-02-12_107_sagittal.jpg,C:\Beyond_vision\semi_supervised learning GAN\semi_supervised learning GAN\dataset\0.05\labelled_msk\013_positive_01013_1_2024-02-12_107_sagittal.nii
C:\Beyond_vision\semi_supervised learning GAN\semi_supervised learning GAN\dataset\0.05\labelled_img\013_positive_01013_1_2024-02-12_108_coronal.jpg,C:\Beyond_vision\semi_supervised learning GAN\semi_supervised learning GAN\dataset\0.05\labelled_msk\013_positive_01013_1_2024-02-12_108_coronal.nii
C:\Beyond_vision\semi_supervised learning GAN\semi_supervised learning GAN\dataset\0.05\labelled_img\013_positive_01013_1_2024-02-12_108_sagittal.jpg,C:\Beyond_vision\semi_supervised learning GAN\semi_supervised learning GAN\dataset\0.05\labelled_msk\013_positive_01013_1_2024-02-12_108_sagittal.nii
C:\Beyond_vision\semi_supervised learning GAN\semi_supervised learning GAN\dataset\0.05\labelled_img\013_positive_01013_1_2024-02-12_109_coronal.jpg,C:\Beyond_vision\semi_supervised learning GAN\semi_supervised learning GAN\dataset\0.05\labelled_msk\013_positive_01013_1_2024-02-12_109_coronal.nii
C:\Beyond_vision\semi_supervised learning GAN\semi_supervised learning GAN\dataset\0.05\labelled_img\013_positive_01013_1_2024-02-12_109_sagittal.jpg,C:\Beyond_vision\semi_supervised learning GAN\semi_supervised learning GAN\dataset\0.05\labelled_msk\013_positive_01013_1_2024-02-12_109_sagittal.nii
C:\Beyond_vision\semi_supervised learning GAN\semi_supervised learning GAN\dataset\0.05\labelled_img\013_positive_01013_1_2024-02-12_10_coronal.jpg,C:\Beyond_vision\semi_supervised learning GAN\semi_supervised learning GAN\dataset\0.05\labelled_msk\013_positive_01013_1_2024-02-12_10_coronal.nii
C:\Beyond_vision\semi_supervised learning GAN\semi_supervised learning GAN\dataset\0.05\labelled_img\013_positive_01013_1_2024-02-12_10_sagittal.jpg,C:\Beyond_vision\semi_supervised learning GAN\semi_supervised learning GAN\dataset\0.05\labelled_msk\013_positive_01013_1_2024-02-12_10_sagittal.nii
C:\Beyond_vision\semi_supervised learning GAN\semi_supervised learning GAN\dataset\0.05\labelled_img\013_positive_01013_1_2024-02-12_110_coronal.jpg,C:\Beyond_vision\semi_supervised learning GAN\semi_supervised learning GAN\dataset\0.05\labelled_msk\013_positive_01013_1_2024-02-12_110_coronal.nii
C:\Beyond_vision\semi_supervised learning GAN\semi_supervised learning GAN\dataset\0.05\labelled_img\013_positive_01013_1_2024-02-12_110_sagittal.jpg,C:\Beyond_vision\semi_supervised learning GAN\semi_supervised learning GAN\dataset\0.05\labelled_msk\013_positive_01013_1_2024-02-12_110_sagittal.nii
C:\Beyond_vision\semi_supervised learning GAN\semi_supervised learning GAN\dataset\0.05\labelled_img\013_positive_01013_1_2024-02-12_111_coronal.jpg,C:\Beyond_vision\semi_supervised learning GAN\semi_supervised learning GAN\dataset\0.05\labelled_msk\013_positive_01013_1_2024-02-12_111_coronal.nii
C:\Beyond_vision\semi_supervised learning GAN\semi_supervised learning GAN\dataset\0.05\labelled_img\013_positive_01013_1_2024-02-12_111_sagittal.jpg,C:\Beyond_vision\semi_supervised learning GAN\semi_supervised learning GAN\dataset\0.05\labelled_msk\013_positive_01013_1_2024-02-12_111_sagittal.nii
C:\Beyond_vision\semi_supervised learning GAN\semi_supervised learning GAN\dataset\0.05\labelled_img\013_positive_01013_1_2024-02-12_112_coronal.jpg,C:\Beyond_vision\semi_supervised learning GAN\semi_supervised learning GAN\dataset\0.05\labelled_msk\013_positive_01013_1_2024-02-12_112_coronal.nii
C:\Beyond_vision\semi_supervised learning GAN\semi_supervised learning GAN\dataset\0.05\labelled_img\013_positive_01013_1_2024-02-12_112_sagittal.jpg,C:\Beyond_vision\semi_supervised learning GAN\semi_supervised learning GAN\dataset\0.05\labelled_msk\013_positive_01013_1_2024-02-12_112_sagittal.nii
C:\Beyond_vision\semi_supervised learning GAN\semi_supervised learning GAN\dataset\0.05\labelled_img\013_positive_01013_1_2024-02-12_113_coronal.jpg,C:\Beyond_vision\semi_supervised learning GAN\semi_supervised learning GAN\dataset\0.05\labelled_msk\013_positive_01013_1_2024-02-12_113_coronal.nii
C:\Beyond_vision\semi_supervised learning GAN\semi_supervised learning GAN\dataset\0.05\labelled_img\013_positive_01013_1_2024-02-12_113_sagittal.jpg,C:\Beyond_vision\semi_supervised learning GAN\semi_supervised learning GAN\dataset\0.05\labelled_msk\013_positive_01013_1_2024-02-12_113_sagittal.nii
C:\Beyond_vision\semi_supervised learning GAN\semi_supervised learning GAN\dataset\0.05\labelled_img\013_positive_01013_1_2024-02-12_114_coronal.jpg,C:\Beyond_vision\semi_supervised learning GAN\semi_supervised learning GAN\dataset\0.05\labelled_msk\013_positive_01013_1_2024-02-12_114_coronal.nii
C:\Beyond_vision\semi_supervised learning GAN\semi_supervised learning GAN\dataset\0.05\labelled_img\013_positive_01013_1_2024-02-12_114_sagittal.jpg,C:\Beyond_vision\semi_supervised learning GAN\semi_supervised learning GAN\dataset\0.05\labelled_msk\013_positive_01013_1_2024-02-12_114_sagittal.nii
C:\Beyond_vision\semi_supervised learning GAN\semi_supervised learning GAN\dataset\0.05\labelled_img\013_positive_01013_1_2024-02-12_115_coronal.jpg,C:\Beyond_vision\semi_supervised learning GAN\semi_supervised learning GAN\dataset\0.05\labelled_msk\013_positive_01013_1_2024-02-12_115_coronal.nii
C:\Beyond_vision\semi_supervised learning GAN\semi_supervised learning GAN\dataset\0.05\labelled_img\013_positive_01013_1_2024-02-12_115_sagittal.jpg,C:\Beyond_vision\semi_supervised learning GAN\semi_supervised learning GAN\dataset\0.05\labelled_msk\013_positive_01013_1_2024-02-12_115_sagittal.nii
C:\Beyond_vision\semi_supervised learning GAN\semi_supervised learning GAN\dataset\0.05\labelled_img\013_positive_01013_1_2024-02-12_116_coronal.jpg,C:\Beyond_vision\semi_supervised learning GAN\semi_supervised learning GAN\dataset\0.05\labelled_msk\013_positive_01013_1_2024-02-12_116_coronal.nii
C:\Beyond_vision\semi_supervised learning GAN\semi_supervised learning GAN\dataset\0.05\labelled_img\013_positive_01013_1_2024-02-12_116_sagittal.jpg,C:\Beyond_vision\semi_supervised learning GAN\semi_supervised learning GAN\dataset\0.05\labelled_msk\013_positive_01013_1_2024-02-12_116_sagittal.nii
C:\Beyond_vision\semi_supervised learning GAN\semi_supervised learning GAN\dataset\0.05\labelled_img\013_positive_01013_1_2024-02-12_117_coronal.jpg,C:\Beyond_vision\semi_supervised learning GAN\semi_supervised learning GAN\dataset\0.05\labelled_msk\013_positive_01013_1_2024-02-12_117_coronal.nii
C:\Beyond_vision\semi_supervised learning GAN\semi_supervised learning GAN\dataset\0.05\labelled_img\013_positive_01013_1_2024-02-12_117_sagittal.jpg,C:\Beyond_vision\semi_supervised learning GAN\semi_supervised learning GAN\dataset\0.05\labelled_msk\013_positive_01013_1_2024-02-12_117_sagittal.nii
C:\Beyond_vision\semi_supervised learning GAN\semi_supervised learning GAN\dataset\0.05\labelled_img\013_positive_01013_1_2024-02-12_118_coronal.jpg,C:\Beyond_vision\semi_supervised learning GAN\semi_supervised learning GAN\dataset\0.05\labelled_msk\013_positive_01013_1_2024-02-12_118_coronal.nii
C:\Beyond_vision\semi_supervised learning GAN\semi_supervised learning GAN\dataset\0.05\labelled_img\013_positive_01013_1_2024-02-12_118_sagittal.jpg,C:\Beyond_vision\semi_supervised learning GAN\semi_supervised learning GAN\dataset\0.05\labelled_msk\013_positive_01013_1_2024-02-12_118_sagittal.nii
C:\Beyond_vision\semi_supervised learning GAN\semi_supervised learning GAN\dataset\0.05\labelled_img\013_positive_01013_1_2024-02-12_119_coronal.jpg,C:\Beyond_vision\semi_supervised learning GAN\semi_supervised learning GAN\dataset\0.05\labelled_msk\013_positive_01013_1_2024-02-12_119_coronal.nii
C:\Beyond_vision\semi_supervised learning GAN\semi_supervised learning GAN\dataset\0.05\labelled_img\013_positive_01013_1_2024-02-12_119_sagittal.jpg,C:\Beyond_vision\semi_supervised learning GAN\semi_supervised learning GAN\dataset\0.05\labelled_msk\013_positive_01013_1_2024-02-12_119_sagittal.nii
C:\Beyond_vision\semi_supervised learning GAN\semi_supervised learning GAN\dataset\0.05\labelled_img\013_positive_01013_1_2024-02-12_11_coronal.jpg,C:\Beyond_vision\semi_supervised learning GAN\semi_supervised learning GAN\dataset\0.05\labelled_msk\013_positive_01013_1_2024-02-12_11_coronal.nii
C:\Beyond_vision\semi_supervised learning GAN\semi_supervised learning GAN\dataset\0.05\labelled_img\013_positive_01013_1_2024-02-12_11_sagittal.jpg,C:\Beyond_vision\semi_supervised learning GAN\semi_supervised learning GAN\dataset\0.05\labelled_msk\013_positive_01013_1_2024-02-12_11_sagittal.nii
C:\Beyond_vision\semi_supervised learning GAN\semi_supervised learning GAN\dataset\0.05\labelled_img\013_positive_01013_1_2024-02-12_120_coronal.jpg,C:\Beyond_vision\semi_supervised learning GAN\semi_supervised learning GAN\dataset\0.05\labelled_msk\013_positive_01013_1_2024-02-12_120_coronal.nii
C:\Beyond_vision\semi_supervised learning GAN\semi_supervised learning GAN\dataset\0.05\labelled_img\013_positive_01013_1_2024-02-12_120_sagittal.jpg,C:\Beyond_vision\semi_supervised learning GAN\semi_supervised learning GAN\dataset\0.05\labelled_msk\013_positive_01013_1_2024-02-12_120_sagittal.nii
C:\Beyond_vision\semi_supervised learning GAN\semi_supervised learning GAN\dataset\0.05\labelled_img\013_positive_01013_1_2024-02-12_121_coronal.jpg,C:\Beyond_vision\semi_supervised learning GAN\semi_supervised learning GAN\dataset\0.05\labelled_msk\013_positive_01013_1_2024-02-12_121_coronal.nii
C:\Beyond_vision\semi_supervised learning GAN\semi_supervised learning GAN\dataset\0.05\labelled_img\013_positive_01013_1_2024-02-12_121_sagittal.jpg,C:\Beyond_vision\semi_supervised learning GAN\semi_supervised learning GAN\dataset\0.05\labelled_msk\013_positive_01013_1_2024-02-12_121_sagittal.nii
C:\Beyond_vision\semi_supervised learning GAN\semi_supervised learning GAN\dataset\0.05\labelled_img\013_positive_01013_1_2024-02-12_122_coronal.jpg,C:\Beyond_vision\semi_supervised learning GAN\semi_supervised learning GAN\dataset\0.05\labelled_msk\013_positive_01013_1_2024-02-12_122_coronal.nii
C:\Beyond_vision\semi_supervised learning GAN\semi_supervised learning GAN\dataset\0.05\labelled_img\013_positive_01013_1_2024-02-12_122_sagittal.jpg,C:\Beyond_vision\semi_supervised learning GAN\semi_supervised learning GAN\dataset\0.05\labelled_msk\013_positive_01013_1_2024-02-12_122_sagittal.nii
C:\Beyond_vision\semi_supervised learning GAN\semi_supervised learning GAN\dataset\0.05\labelled_img\013_positive_01013_1_2024-02-12_123_coronal.jpg,C:\Beyond_vision\semi_supervised learning GAN\semi_supervised learning GAN\dataset\0.05\labelled_msk\013_positive_01013_1_2024-02-12_123_coronal.nii
C:\Beyond_vision\semi_supervised learning GAN\semi_supervised learning GAN\dataset\0.05\labelled_img\013_positive_01013_1_2024-02-12_123_sagittal.jpg,C:\Beyond_vision\semi_supervised learning GAN\semi_supervised learning GAN\dataset\0.05\labelled_msk\013_positive_01013_1_2024-02-12_123_sagittal.nii
C:\Beyond_vision\semi_supervised learning GAN\semi_supervised learning GAN\dataset\0.05\labelled_img\013_positive_01013_1_2024-02-12_124_coronal.jpg,C:\Beyond_vision\semi_supervised learning GAN\semi_supervised learning GAN\dataset\0.05\labelled_msk\013_positive_01013_1_2024-02-12_124_coronal.nii
C:\Beyond_vision\semi_supervised learning GAN\semi_supervised learning GAN\dataset\0.05\labelled_img\013_positive_01013_1_2024-02-12_124_sagittal.jpg,C:\Beyond_vision\semi_supervised learning GAN\semi_supervised learning GAN\dataset\0.05\labelled_msk\013_positive_01013_1_2024-02-12_124_sagittal.nii
C:\Beyond_vision\semi_supervised learning GAN\semi_supervised learning GAN\dataset\0.05\labelled_img\013_positive_01013_1_2024-02-12_125_coronal.jpg,C:\Beyond_vision\semi_supervised learning GAN\semi_supervised learning GAN\dataset\0.05\labelled_msk\013_positive_01013_1_2024-02-12_125_coronal.nii
C:\Beyond_vision\semi_supervised learning GAN\semi_supervised learning GAN\dataset\0.05\labelled_img\013_positive_01013_1_2024-02-12_125_sagittal.jpg,C:\Beyond_vision\semi_supervised learning GAN\semi_supervised learning GAN\dataset\0.05\labelled_msk\013_positive_01013_1_2024-02-12_125_sagittal.nii
C:\Beyond_vision\semi_supervised learning GAN\semi_supervised learning GAN\dataset\0.05\labelled_img\013_positive_01013_1_2024-02-12_126_coronal.jpg,C:\Beyond_vision\semi_supervised learning GAN\semi_supervised learning GAN\dataset\0.05\labelled_msk\013_positive_01013_1_2024-02-12_126_coronal.nii
C:\Beyond_vision\semi_supervised learning GAN\semi_supervised learning GAN\dataset\0.05\labelled_img\013_positive_01013_1_2024-02-12_126_sagittal.jpg,C:\Beyond_vision\semi_supervised learning GAN\semi_supervised learning GAN\dataset\0.05\labelled_msk\013_positive_01013_1_2024-02-12_126_sagittal.nii
C:\Beyond_vision\semi_supervised learning GAN\semi_supervised learning GAN\dataset\0.05\labelled_img\013_positive_01013_1_2024-02-12_12_coronal.jpg,C:\Beyond_vision\semi_supervised learning GAN\semi_supervised learning GAN\dataset\0.05\labelled_msk\013_positive_01013_1_2024-02-12_12_coronal.nii
C:\Beyond_vision\semi_supervised learning GAN\semi_supervised learning GAN\dataset\0.05\labelled_img\013_positive_01013_1_2024-02-12_12_sagittal.jpg,C:\Beyond_vision\semi_supervised learning GAN\semi_supervised learning GAN\dataset\0.05\labelled_msk\013_positive_01013_1_2024-02-12_12_sagittal.nii
C:\Beyond_vision\semi_supervised learning GAN\semi_supervised learning GAN\dataset\0.05\labelled_img\013_positive_01013_1_2024-02-12_13_coronal.jpg,C:\Beyond_vision\semi_supervised learning GAN\semi_supervised learning GAN\dataset\0.05\labelled_msk\013_positive_01013_1_2024-02-12_13_coronal.nii
C:\Beyond_vision\semi_supervised learning GAN\semi_supervised learning GAN\dataset\0.05\labelled_img\013_positive_01013_1_2024-02-12_13_sagittal.jpg,C:\Beyond_vision\semi_supervised learning GAN\semi_supervised learning GAN\dataset\0.05\labelled_msk\013_positive_01013_1_2024-02-12_13_sagittal.nii
C:\Beyond_vision\semi_supervised learning GAN\semi_supervised learning GAN\dataset\0.05\labelled_img\013_positive_01013_1_2024-02-12_14_coronal.jpg,C:\Beyond_vision\semi_supervised learning GAN\semi_supervised learning GAN\dataset\0.05\labelled_msk\013_positive_01013_1_2024-02-12_14_coronal.nii
C:\Beyond_vision\semi_supervised learning GAN\semi_supervised learning GAN\dataset\0.05\labelled_img\013_positive_01013_1_2024-02-12_14_sagittal.jpg,C:\Beyond_vision\semi_supervised learning GAN\semi_supervised learning GAN\dataset\0.05\labelled_msk\013_positive_01013_1_2024-02-12_14_sagittal.nii
C:\Beyond_vision\semi_supervised learning GAN\semi_supervised learning GAN\dataset\0.05\labelled_img\013_positive_01013_1_2024-02-12_15_coronal.jpg,C:\Beyond_vision\semi_supervised learning GAN\semi_supervised learning GAN\dataset\0.05\labelled_msk\013_positive_01013_1_2024-02-12_15_coronal.nii
C:\Beyond_vision\semi_supervised learning GAN\semi_supervised learning GAN\dataset\0.05\labelled_img\013_positive_01013_1_2024-02-12_15_sagittal.jpg,C:\Beyond_vision\semi_supervised learning GAN\semi_supervised learning GAN\dataset\0.05\labelled_msk\013_positive_01013_1_2024-02-12_15_sagittal.nii
C:\Beyond_vision\semi_supervised learning GAN\semi_supervised learning GAN\dataset\0.05\labelled_img\013_positive_01013_1_2024-02-12_16_coronal.jpg,C:\Beyond_vision\semi_supervised learning GAN\semi_supervised learning GAN\dataset\0.05\labelled_msk\013_positive_01013_1_2024-02-12_16_coronal.nii
C:\Beyond_vision\semi_supervised learning GAN\semi_supervised learning GAN\dataset\0.05\labelled_img\013_positive_01013_1_2024-02-12_16_sagittal.jpg,C:\Beyond_vision\semi_supervised learning GAN\semi_supervised learning GAN\dataset\0.05\labelled_msk\013_positive_01013_1_2024-02-12_16_sagittal.nii
C:\Beyond_vision\semi_supervised learning GAN\semi_supervised learning GAN\dataset\0.05\labelled_img\013_positive_01013_1_2024-02-12_17_coronal.jpg,C:\Beyond_vision\semi_supervised learning GAN\semi_supervised learning GAN\dataset\0.05\labelled_msk\013_positive_01013_1_2024-02-12_17_coronal.nii
C:\Beyond_vision\semi_supervised learning GAN\semi_supervised learning GAN\dataset\0.05\labelled_img\013_positive_01013_1_2024-02-12_17_sagittal.jpg,C:\Beyond_vision\semi_supervised learning GAN\semi_supervised learning GAN\dataset\0.05\labelled_msk\013_positive_01013_1_2024-02-12_17_sagittal.nii
C:\Beyond_vision\semi_supervised learning GAN\semi_supervised learning GAN\dataset\0.05\labelled_img\013_positive_01013_1_2024-02-12_18_coronal.jpg,C:\Beyond_vision\semi_supervised learning GAN\semi_supervised learning GAN\dataset\0.05\labelled_msk\013_positive_01013_1_2024-02-12_18_coronal.nii
C:\Beyond_vision\semi_supervised learning GAN\semi_supervised learning GAN\dataset\0.05\labelled_img\013_positive_01013_1_2024-02-12_18_sagittal.jpg,C:\Beyond_vision\semi_supervised learning GAN\semi_supervised learning GAN\dataset\0.05\labelled_msk\013_positive_01013_1_2024-02-12_18_sagittal.nii
C:\Beyond_vision\semi_supervised learning GAN\semi_supervised learning GAN\dataset\0.05\labelled_img\013_positive_01013_1_2024-02-12_19_coronal.jpg,C:\Beyond_vision\semi_supervised learning GAN\semi_supervised learning GAN\dataset\0.05\labelled_msk\013_positive_01013_1_2024-02-12_19_coronal.nii
C:\Beyond_vision\semi_supervised learning GAN\semi_supervised learning GAN\dataset\0.05\labelled_img\013_positive_01013_1_2024-02-12_19_sagittal.jpg,C:\Beyond_vision\semi_supervised learning GAN\semi_supervised learning GAN\dataset\0.05\labelled_msk\013_positive_01013_1_2024-02-12_19_sagittal.nii
C:\Beyond_vision\semi_supervised learning GAN\semi_supervised learning GAN\dataset\0.05\labelled_img\013_positive_01013_1_2024-02-12_1_coronal.jpg,C:\Beyond_vision\semi_supervised learning GAN\semi_supervised learning GAN\dataset\0.05\labelled_msk\013_positive_01013_1_2024-02-12_1_coronal.nii
C:\Beyond_vision\semi_supervised learning GAN\semi_supervised learning GAN\dataset\0.05\labelled_img\013_positive_01013_1_2024-02-12_1_sagittal.jpg,C:\Beyond_vision\semi_supervised learning GAN\semi_supervised learning GAN\dataset\0.05\labelled_msk\013_positive_01013_1_2024-02-12_1_sagittal.nii
C:\Beyond_vision\semi_supervised learning GAN\semi_supervised learning GAN\dataset\0.05\labelled_img\013_positive_01013_1_2024-02-12_20_coronal.jpg,C:\Beyond_vision\semi_supervised learning GAN\semi_supervised learning GAN\dataset\0.05\labelled_msk\013_positive_01013_1_2024-02-12_20_coronal.nii
C:\Beyond_vision\semi_supervised learning GAN\semi_supervised learning GAN\dataset\0.05\labelled_img\013_positive_01013_1_2024-02-12_20_sagittal.jpg,C:\Beyond_vision\semi_supervised learning GAN\semi_supervised learning GAN\dataset\0.05\labelled_msk\013_positive_01013_1_2024-02-12_20_sagittal.nii
C:\Beyond_vision\semi_supervised learning GAN\semi_supervised learning GAN\dataset\0.05\labelled_img\013_positive_01013_1_2024-02-12_21_coronal.jpg,C:\Beyond_vision\semi_supervised learning GAN\semi_supervised learning GAN\dataset\0.05\labelled_msk\013_positive_01013_1_2024-02-12_21_coronal.nii
C:\Beyond_vision\semi_supervised learning GAN\semi_supervised learning GAN\dataset\0.05\labelled_img\013_positive_01013_1_2024-02-12_21_sagittal.jpg,C:\Beyond_vision\semi_supervised learning GAN\semi_supervised learning GAN\dataset\0.05\labelled_msk\013_positive_01013_1_2024-02-12_21_sagittal.nii
C:\Beyond_vision\semi_supervised learning GAN\semi_supervised learning GAN\dataset\0.05\labelled_img\013_positive_01013_1_2024-02-12_22_coronal.jpg,C:\Beyond_vision\semi_supervised learning GAN\semi_supervised learning GAN\dataset\0.05\labelled_msk\013_positive_01013_1_2024-02-12_22_coronal.nii
C:\Beyond_vision\semi_supervised learning GAN\semi_supervised learning GAN\dataset\0.05\labelled_img\013_positive_01013_1_2024-02-12_22_sagittal.jpg,C:\Beyond_vision\semi_supervised learning GAN\semi_supervised learning GAN\dataset\0.05\labelled_msk\013_positive_01013_1_2024-02-12_22_sagittal.nii
C:\Beyond_vision\semi_supervised learning GAN\semi_supervised learning GAN\dataset\0.05\labelled_img\013_positive_01013_1_2024-02-12_23_coronal.jpg,C:\Beyond_vision\semi_supervised learning GAN\semi_supervised learning GAN\dataset\0.05\labelled_msk\013_positive_01013_1_2024-02-12_23_coronal.nii
C:\Beyond_vision\semi_supervised learning GAN\semi_supervised learning GAN\dataset\0.05\labelled_img\013_positive_01013_1_2024-02-12_23_sagittal.jpg,C:\Beyond_vision\semi_supervised learning GAN\semi_supervised learning GAN\dataset\0.05\labelled_msk\013_positive_01013_1_2024-02-12_23_sagittal.nii
C:\Beyond_vision\semi_supervised learning GAN\semi_supervised learning GAN\dataset\0.05\labelled_img\013_positive_01013_1_2024-02-12_24_coronal.jpg,C:\Beyond_vision\semi_supervised learning GAN\semi_supervised learning GAN\dataset\0.05\labelled_msk\013_positive_01013_1_2024-02-12_24_coronal.nii
C:\Beyond_vision\semi_supervised learning GAN\semi_supervised learning GAN\dataset\0.05\labelled_img\013_positive_01013_1_2024-02-12_24_sagittal.jpg,C:\Beyond_vision\semi_supervised learning GAN\semi_supervised learning GAN\dataset\0.05\labelled_msk\013_positive_01013_1_2024-02-12_24_sagittal.nii
C:\Beyond_vision\semi_supervised learning GAN\semi_supervised learning GAN\dataset\0.05\labelled_img\013_positive_01013_1_2024-02-12_25_coronal.jpg,C:\Beyond_vision\semi_supervised learning GAN\semi_supervised learning GAN\dataset\0.05\labelled_msk\013_positive_01013_1_2024-02-12_25_coronal.nii
C:\Beyond_vision\semi_supervised learning GAN\semi_supervised learning GAN\dataset\0.05\labelled_img\013_positive_01013_1_2024-02-12_25_sagittal.jpg,C:\Beyond_vision\semi_supervised learning GAN\semi_supervised learning GAN\dataset\0.05\labelled_msk\013_positive_01013_1_2024-02-12_25_sagittal.nii
C:\Beyond_vision\semi_supervised learning GAN\semi_supervised learning GAN\dataset\0.05\labelled_img\013_positive_01013_1_2024-02-12_26_coronal.jpg,C:\Beyond_vision\semi_supervised learning GAN\semi_supervised learning GAN\dataset\0.05\labelled_msk\013_positive_01013_1_2024-02-12_26_coronal.nii
C:\Beyond_vision\semi_supervised learning GAN\semi_supervised learning GAN\dataset\0.05\labelled_img\013_positive_01013_1_2024-02-12_26_sagittal.jpg,C:\Beyond_vision\semi_supervised learning GAN\semi_supervised learning GAN\dataset\0.05\labelled_msk\013_positive_01013_1_2024-02-12_26_sagittal.nii
C:\Beyond_vision\semi_supervised learning GAN\semi_supervised learning GAN\dataset\0.05\labelled_img\013_positive_01013_1_2024-02-12_27_coronal.jpg,C:\Beyond_vision\semi_supervised learning GAN\semi_supervised learning GAN\dataset\0.05\labelled_msk\013_positive_01013_1_2024-02-12_27_coronal.nii
C:\Beyond_vision\semi_supervised learning GAN\semi_supervised learning GAN\dataset\0.05\labelled_img\013_positive_01013_1_2024-02-12_27_sagittal.jpg,C:\Beyond_vision\semi_supervised learning GAN\semi_supervised learning GAN\dataset\0.05\labelled_msk\013_positive_01013_1_2024-02-12_27_sagittal.nii
C:\Beyond_vision\semi_supervised learning GAN\semi_supervised learning GAN\dataset\0.05\labelled_img\013_positive_01013_1_2024-02-12_28_coronal.jpg,C:\Beyond_vision\semi_supervised learning GAN\semi_supervised learning GAN\dataset\0.05\labelled_msk\013_positive_01013_1_2024-02-12_28_coronal.nii
C:\Beyond_vision\semi_supervised learning GAN\semi_supervised learning GAN\dataset\0.05\labelled_img\013_positive_01013_1_2024-02-12_28_sagittal.jpg,C:\Beyond_vision\semi_supervised learning GAN\semi_supervised learning GAN\dataset\0.05\labelled_msk\013_positive_01013_1_2024-02-12_28_sagittal.nii
C:\Beyond_vision\semi_supervised learning GAN\semi_supervised learning GAN\dataset\0.05\labelled_img\013_positive_01013_1_2024-02-12_29_coronal.jpg,C:\Beyond_vision\semi_supervised learning GAN\semi_supervised learning GAN\dataset\0.05\labelled_msk\013_positive_01013_1_2024-02-12_29_coronal.nii
C:\Beyond_vision\semi_supervised learning GAN\semi_supervised learning GAN\dataset\0.05\labelled_img\013_positive_01013_1_2024-02-12_29_sagittal.jpg,C:\Beyond_vision\semi_supervised learning GAN\semi_supervised learning GAN\dataset\0.05\labelled_msk\013_positive_01013_1_2024-02-12_29_sagittal.nii
C:\Beyond_vision\semi_supervised learning GAN\semi_supervised learning GAN\dataset\0.05\labelled_img\013_positive_01013_1_2024-02-12_2_coronal.jpg,C:\Beyond_vision\semi_supervised learning GAN\semi_supervised learning GAN\dataset\0.05\labelled_msk\013_positive_01013_1_2024-02-12_2_coronal.nii
C:\Beyond_vision\semi_supervised learning GAN\semi_supervised learning GAN\dataset\0.05\labelled_img\013_positive_01013_1_2024-02-12_2_sagittal.jpg,C:\Beyond_vision\semi_supervised learning GAN\semi_supervised learning GAN\dataset\0.05\labelled_msk\013_positive_01013_1_2024-02-12_2_sagittal.nii
C:\Beyond_vision\semi_supervised learning GAN\semi_supervised learning GAN\dataset\0.05\labelled_img\013_positive_01013_1_2024-02-12_30_coronal.jpg,C:\Beyond_vision\semi_supervised learning GAN\semi_supervised learning GAN\dataset\0.05\labelled_msk\013_positive_01013_1_2024-02-12_30_coronal.nii
C:\Beyond_vision\semi_supervised learning GAN\semi_supervised learning GAN\dataset\0.05\labelled_img\013_positive_01013_1_2024-02-12_30_sagittal.jpg,C:\Beyond_vision\semi_supervised learning GAN\semi_supervised learning GAN\dataset\0.05\labelled_msk\013_positive_01013_1_2024-02-12_30_sagittal.nii
C:\Beyond_vision\semi_supervised learning GAN\semi_supervised learning GAN\dataset\0.05\labelled_img\013_positive_01013_1_2024-02-12_31_coronal.jpg,C:\Beyond_vision\semi_supervised learning GAN\semi_supervised learning GAN\dataset\0.05\labelled_msk\013_positive_01013_1_2024-02-12_31_coronal.nii
C:\Beyond_vision\semi_supervised learning GAN\semi_supervised learning GAN\dataset\0.05\labelled_img\013_positive_01013_1_2024-02-12_31_sagittal.jpg,C:\Beyond_vision\semi_supervised learning GAN\semi_supervised learning GAN\dataset\0.05\labelled_msk\013_positive_01013_1_2024-02-12_31_sagittal.nii
C:\Beyond_vision\semi_supervised learning GAN\semi_supervised learning GAN\dataset\0.05\labelled_img\013_positive_01013_1_2024-02-12_32_coronal.jpg,C:\Beyond_vision\semi_supervised learning GAN\semi_supervised learning GAN\dataset\0.05\labelled_msk\013_positive_01013_1_2024-02-12_32_coronal.nii
C:\Beyond_vision\semi_supervised learning GAN\semi_supervised learning GAN\dataset\0.05\labelled_img\013_positive_01013_1_2024-02-12_32_sagittal.jpg,C:\Beyond_vision\semi_supervised learning GAN\semi_supervised learning GAN\dataset\0.05\labelled_msk\013_positive_01013_1_2024-02-12_32_sagittal.nii
C:\Beyond_vision\semi_supervised learning GAN\semi_supervised learning GAN\dataset\0.05\labelled_img\013_positive_01013_1_2024-02-12_33_coronal.jpg,C:\Beyond_vision\semi_supervised learning GAN\semi_supervised learning GAN\dataset\0.05\labelled_msk\013_positive_01013_1_2024-02-12_33_coronal.nii
C:\Beyond_vision\semi_supervised learning GAN\semi_supervised learning GAN\dataset\0.05\labelled_img\013_positive_01013_1_2024-02-12_33_sagittal.jpg,C:\Beyond_vision\semi_supervised learning GAN\semi_supervised learning GAN\dataset\0.05\labelled_msk\013_positive_01013_1_2024-02-12_33_sagittal.nii
C:\Beyond_vision\semi_supervised learning GAN\semi_supervised learning GAN\dataset\0.05\labelled_img\013_positive_01013_1_2024-02-12_34_coronal.jpg,C:\Beyond_vision\semi_supervised learning GAN\semi_supervised learning GAN\dataset\0.05\labelled_msk\013_positive_01013_1_2024-02-12_34_coronal.nii
C:\Beyond_vision\semi_supervised learning GAN\semi_supervised learning GAN\dataset\0.05\labelled_img\013_positive_01013_1_2024-02-12_34_sagittal.jpg,C:\Beyond_vision\semi_supervised learning GAN\semi_supervised learning GAN\dataset\0.05\labelled_msk\013_positive_01013_1_2024-02-12_34_sagittal.nii
C:\Beyond_vision\semi_supervised learning GAN\semi_supervised learning GAN\dataset\0.05\labelled_img\013_positive_01013_1_2024-02-12_35_coronal.jpg,C:\Beyond_vision\semi_supervised learning GAN\semi_supervised learning GAN\dataset\0.05\labelled_msk\013_positive_01013_1_2024-02-12_35_coronal.nii
C:\Beyond_vision\semi_supervised learning GAN\semi_supervised learning GAN\dataset\0.05\labelled_img\013_positive_01013_1_2024-02-12_35_sagittal.jpg,C:\Beyond_vision\semi_supervised learning GAN\semi_supervised learning GAN\dataset\0.05\labelled_msk\013_positive_01013_1_2024-02-12_35_sagittal.nii
C:\Beyond_vision\semi_supervised learning GAN\semi_supervised learning GAN\dataset\0.05\labelled_img\013_positive_01013_1_2024-02-12_36_coronal.jpg,C:\Beyond_vision\semi_supervised learning GAN\semi_supervised learning GAN\dataset\0.05\labelled_msk\013_positive_01013_1_2024-02-12_36_coronal.nii
C:\Beyond_vision\semi_supervised learning GAN\semi_supervised learning GAN\dataset\0.05\labelled_img\013_positive_01013_1_2024-02-12_36_sagittal.jpg,C:\Beyond_vision\semi_supervised learning GAN\semi_supervised learning GAN\dataset\0.05\labelled_msk\013_positive_01013_1_2024-02-12_36_sagittal.nii
C:\Beyond_vision\semi_supervised learning GAN\semi_supervised learning GAN\dataset\0.05\labelled_img\013_positive_01013_1_2024-02-12_37_coronal.jpg,C:\Beyond_vision\semi_supervised learning GAN\semi_supervised learning GAN\dataset\0.05\labelled_msk\013_positive_01013_1_2024-02-12_37_coronal.nii
C:\Beyond_vision\semi_supervised learning GAN\semi_supervised learning GAN\dataset\0.05\labelled_img\013_positive_01013_1_2024-02-12_37_sagittal.jpg,C:\Beyond_vision\semi_supervised learning GAN\semi_supervised learning GAN\dataset\0.05\labelled_msk\013_positive_01013_1_2024-02-12_37_sagittal.nii
C:\Beyond_vision\semi_supervised learning GAN\semi_supervised learning GAN\dataset\0.05\labelled_img\013_positive_01013_1_2024-02-12_38_coronal.jpg,C:\Beyond_vision\semi_supervised learning GAN\semi_supervised learning GAN\dataset\0.05\labelled_msk\013_positive_01013_1_2024-02-12_38_coronal.nii
C:\Beyond_vision\semi_supervised learning GAN\semi_supervised learning GAN\dataset\0.05\labelled_img\013_positive_01013_1_2024-02-12_38_sagittal.jpg,C:\Beyond_vision\semi_supervised learning GAN\semi_supervised learning GAN\dataset\0.05\labelled_msk\013_positive_01013_1_2024-02-12_38_sagittal.nii
C:\Beyond_vision\semi_supervised learning GAN\semi_supervised learning GAN\dataset\0.05\labelled_img\013_positive_01013_1_2024-02-12_39_coronal.jpg,C:\Beyond_vision\semi_supervised learning GAN\semi_supervised learning GAN\dataset\0.05\labelled_msk\013_positive_01013_1_2024-02-12_39_coronal.nii
C:\Beyond_vision\semi_supervised learning GAN\semi_supervised learning GAN\dataset\0.05\labelled_img\013_positive_01013_1_2024-02-12_39_sagittal.jpg,C:\Beyond_vision\semi_supervised learning GAN\semi_supervised learning GAN\dataset\0.05\labelled_msk\013_positive_01013_1_2024-02-12_39_sagittal.nii
C:\Beyond_vision\semi_supervised learning GAN\semi_supervised learning GAN\dataset\0.05\labelled_img\013_positive_01013_1_2024-02-12_3_coronal.jpg,C:\Beyond_vision\semi_supervised learning GAN\semi_supervised learning GAN\dataset\0.05\labelled_msk\013_positive_01013_1_2024-02-12_3_coronal.nii
C:\Beyond_vision\semi_supervised learning GAN\semi_supervised learning GAN\dataset\0.05\labelled_img\013_positive_01013_1_2024-02-12_3_sagittal.jpg,C:\Beyond_vision\semi_supervised learning GAN\semi_supervised learning GAN\dataset\0.05\labelled_msk\013_positive_01013_1_2024-02-12_3_sagittal.nii
C:\Beyond_vision\semi_supervised learning GAN\semi_supervised learning GAN\dataset\0.05\labelled_img\013_positive_01013_1_2024-02-12_40_coronal.jpg,C:\Beyond_vision\semi_supervised learning GAN\semi_supervised learning GAN\dataset\0.05\labelled_msk\013_positive_01013_1_2024-02-12_40_coronal.nii
C:\Beyond_vision\semi_supervised learning GAN\semi_supervised learning GAN\dataset\0.05\labelled_img\013_positive_01013_1_2024-02-12_40_sagittal.jpg,C:\Beyond_vision\semi_supervised learning GAN\semi_supervised learning GAN\dataset\0.05\labelled_msk\013_positive_01013_1_2024-02-12_40_sagittal.nii
C:\Beyond_vision\semi_supervised learning GAN\semi_supervised learning GAN\dataset\0.05\labelled_img\013_positive_01013_1_2024-02-12_41_coronal.jpg,C:\Beyond_vision\semi_supervised learning GAN\semi_supervised learning GAN\dataset\0.05\labelled_msk\013_positive_01013_1_2024-02-12_41_coronal.nii
C:\Beyond_vision\semi_supervised learning GAN\semi_supervised learning GAN\dataset\0.05\labelled_img\013_positive_01013_1_2024-02-12_41_sagittal.jpg,C:\Beyond_vision\semi_supervised learning GAN\semi_supervised learning GAN\dataset\0.05\labelled_msk\013_positive_01013_1_2024-02-12_41_sagittal.nii
C:\Beyond_vision\semi_supervised learning GAN\semi_supervised learning GAN\dataset\0.05\labelled_img\013_positive_01013_1_2024-02-12_42_coronal.jpg,C:\Beyond_vision\semi_supervised learning GAN\semi_supervised learning GAN\dataset\0.05\labelled_msk\013_positive_01013_1_2024-02-12_42_coronal.nii
C:\Beyond_vision\semi_supervised learning GAN\semi_supervised learning GAN\dataset\0.05\labelled_img\013_positive_01013_1_2024-02-12_42_sagittal.jpg,C:\Beyond_vision\semi_supervised learning GAN\semi_supervised learning GAN\dataset\0.05\labelled_msk\013_positive_01013_1_2024-02-12_42_sagittal.nii
C:\Beyond_vision\semi_supervised learning GAN\semi_supervised learning GAN\dataset\0.05\labelled_img\013_positive_01013_1_2024-02-12_43_coronal.jpg,C:\Beyond_vision\semi_supervised learning GAN\semi_supervised learning GAN\dataset\0.05\labelled_msk\013_positive_01013_1_2024-02-12_43_coronal.nii
C:\Beyond_vision\semi_supervised learning GAN\semi_supervised learning GAN\dataset\0.05\labelled_img\013_positive_01013_1_2024-02-12_43_sagittal.jpg,C:\Beyond_vision\semi_supervised learning GAN\semi_supervised learning GAN\dataset\0.05\labelled_msk\013_positive_01013_1_2024-02-12_43_sagittal.nii
C:\Beyond_vision\semi_supervised learning GAN\semi_supervised learning GAN\dataset\0.05\labelled_img\013_positive_01013_1_2024-02-12_44_coronal.jpg,C:\Beyond_vision\semi_supervised learning GAN\semi_supervised learning GAN\dataset\0.05\labelled_msk\013_positive_01013_1_2024-02-12_44_coronal.nii
C:\Beyond_vision\semi_supervised learning GAN\semi_supervised learning GAN\dataset\0.05\labelled_img\013_positive_01013_1_2024-02-12_44_sagittal.jpg,C:\Beyond_vision\semi_supervised learning GAN\semi_supervised learning GAN\dataset\0.05\labelled_msk\013_positive_01013_1_2024-02-12_44_sagittal.nii
C:\Beyond_vision\semi_supervised learning GAN\semi_supervised learning GAN\dataset\0.05\labelled_img\013_positive_01013_1_2024-02-12_45_coronal.jpg,C:\Beyond_vision\semi_supervised learning GAN\semi_supervised learning GAN\dataset\0.05\labelled_msk\013_positive_01013_1_2024-02-12_45_coronal.nii
C:\Beyond_vision\semi_supervised learning GAN\semi_supervised learning GAN\dataset\0.05\labelled_img\013_positive_01013_1_2024-02-12_45_sagittal.jpg,C:\Beyond_vision\semi_supervised learning GAN\semi_supervised learning GAN\dataset\0.05\labelled_msk\013_positive_01013_1_2024-02-12_45_sagittal.nii
C:\Beyond_vision\semi_supervised learning GAN\semi_supervised learning GAN\dataset\0.05\labelled_img\013_positive_01013_1_2024-02-12_46_coronal.jpg,C:\Beyond_vision\semi_supervised learning GAN\semi_supervised learning GAN\dataset\0.05\labelled_msk\013_positive_01013_1_2024-02-12_46_coronal.nii
C:\Beyond_vision\semi_supervised learning GAN\semi_supervised learning GAN\dataset\0.05\labelled_img\013_positive_01013_1_2024-02-12_46_sagittal.jpg,C:\Beyond_vision\semi_supervised learning GAN\semi_supervised learning GAN\dataset\0.05\labelled_msk\013_positive_01013_1_2024-02-12_46_sagittal.nii
C:\Beyond_vision\semi_supervised learning GAN\semi_supervised learning GAN\dataset\0.05\labelled_img\013_positive_01013_1_2024-02-12_47_coronal.jpg,C:\Beyond_vision\semi_supervised learning GAN\semi_supervised learning GAN\dataset\0.05\labelled_msk\013_positive_01013_1_2024-02-12_47_coronal.nii
C:\Beyond_vision\semi_supervised learning GAN\semi_supervised learning GAN\dataset\0.05\labelled_img\013_positive_01013_1_2024-02-12_47_sagittal.jpg,C:\Beyond_vision\semi_supervised learning GAN\semi_supervised learning GAN\dataset\0.05\labelled_msk\013_positive_01013_1_2024-02-12_47_sagittal.nii
C:\Beyond_vision\semi_supervised learning GAN\semi_supervised learning GAN\dataset\0.05\labelled_img\013_positive_01013_1_2024-02-12_48_coronal.jpg,C:\Beyond_vision\semi_supervised learning GAN\semi_supervised learning GAN\dataset\0.05\labelled_msk\013_positive_01013_1_2024-02-12_48_coronal.nii
C:\Beyond_vision\semi_supervised learning GAN\semi_supervised learning GAN\dataset\0.05\labelled_img\013_positive_01013_1_2024-02-12_48_sagittal.jpg,C:\Beyond_vision\semi_supervised learning GAN\semi_supervised learning GAN\dataset\0.05\labelled_msk\013_positive_01013_1_2024-02-12_48_sagittal.nii
C:\Beyond_vision\semi_supervised learning GAN\semi_supervised learning GAN\dataset\0.05\labelled_img\013_positive_01013_1_2024-02-12_49_coronal.jpg,C:\Beyond_vision\semi_supervised learning GAN\semi_supervised learning GAN\dataset\0.05\labelled_msk\013_positive_01013_1_2024-02-12_49_coronal.nii
C:\Beyond_vision\semi_supervised learning GAN\semi_supervised learning GAN\dataset\0.05\labelled_img\013_positive_01013_1_2024-02-12_49_sagittal.jpg,C:\Beyond_vision\semi_supervised learning GAN\semi_supervised learning GAN\dataset\0.05\labelled_msk\013_positive_01013_1_2024-02-12_49_sagittal.nii
C:\Beyond_vision\semi_supervised learning GAN\semi_supervised learning GAN\dataset\0.05\labelled_img\013_positive_01013_1_2024-02-12_4_coronal.jpg,C:\Beyond_vision\semi_supervised learning GAN\semi_supervised learning GAN\dataset\0.05\labelled_msk\013_positive_01013_1_2024-02-12_4_coronal.nii
C:\Beyond_vision\semi_supervised learning GAN\semi_supervised learning GAN\dataset\0.05\labelled_img\013_positive_01013_1_2024-02-12_4_sagittal.jpg,C:\Beyond_vision\semi_supervised learning GAN\semi_supervised learning GAN\dataset\0.05\labelled_msk\013_positive_01013_1_2024-02-12_4_sagittal.nii
C:\Beyond_vision\semi_supervised learning GAN\semi_supervised learning GAN\dataset\0.05\labelled_img\013_positive_01013_1_2024-02-12_50_coronal.jpg,C:\Beyond_vision\semi_supervised learning GAN\semi_supervised learning GAN\dataset\0.05\labelled_msk\013_positive_01013_1_2024-02-12_50_coronal.nii
C:\Beyond_vision\semi_supervised learning GAN\semi_supervised learning GAN\dataset\0.05\labelled_img\013_positive_01013_1_2024-02-12_50_sagittal.jpg,C:\Beyond_vision\semi_supervised learning GAN\semi_supervised learning GAN\dataset\0.05\labelled_msk\013_positive_01013_1_2024-02-12_50_sagittal.nii
C:\Beyond_vision\semi_supervised learning GAN\semi_supervised learning GAN\dataset\0.05\labelled_img\013_positive_01013_1_2024-02-12_51_coronal.jpg,C:\Beyond_vision\semi_supervised learning GAN\semi_supervised learning GAN\dataset\0.05\labelled_msk\013_positive_01013_1_2024-02-12_51_coronal.nii
C:\Beyond_vision\semi_supervised learning GAN\semi_supervised learning GAN\dataset\0.05\labelled_img\013_positive_01013_1_2024-02-12_51_sagittal.jpg,C:\Beyond_vision\semi_supervised learning GAN\semi_supervised learning GAN\dataset\0.05\labelled_msk\013_positive_01013_1_2024-02-12_51_sagittal.nii
C:\Beyond_vision\semi_supervised learning GAN\semi_supervised learning GAN\dataset\0.05\labelled_img\013_positive_01013_1_2024-02-12_52_coronal.jpg,C:\Beyond_vision\semi_supervised learning GAN\semi_supervised learning GAN\dataset\0.05\labelled_msk\013_positive_01013_1_2024-02-12_52_coronal.nii
C:\Beyond_vision\semi_supervised learning GAN\semi_supervised learning GAN\dataset\0.05\labelled_img\013_positive_01013_1_2024-02-12_52_sagittal.jpg,C:\Beyond_vision\semi_supervised learning GAN\semi_supervised learning GAN\dataset\0.05\labelled_msk\013_positive_01013_1_2024-02-12_52_sagittal.nii
C:\Beyond_vision\semi_supervised learning GAN\semi_supervised learning GAN\dataset\0.05\labelled_img\013_positive_01013_1_2024-02-12_53_coronal.jpg,C:\Beyond_vision\semi_supervised learning GAN\semi_supervised learning GAN\dataset\0.05\labelled_msk\013_positive_01013_1_2024-02-12_53_coronal.nii
C:\Beyond_vision\semi_supervised learning GAN\semi_supervised learning GAN\dataset\0.05\labelled_img\013_positive_01013_1_2024-02-12_53_sagittal.jpg,C:\Beyond_vision\semi_supervised learning GAN\semi_supervised learning GAN\dataset\0.05\labelled_msk\013_positive_01013_1_2024-02-12_53_sagittal.nii
C:\Beyond_vision\semi_supervised learning GAN\semi_supervised learning GAN\dataset\0.05\labelled_img\013_positive_01013_1_2024-02-12_54_coronal.jpg,C:\Beyond_vision\semi_supervised learning GAN\semi_supervised learning GAN\dataset\0.05\labelled_msk\013_positive_01013_1_2024-02-12_54_coronal.nii
C:\Beyond_vision\semi_supervised learning GAN\semi_supervised learning GAN\dataset\0.05\labelled_img\013_positive_01013_1_2024-02-12_54_sagittal.jpg,C:\Beyond_vision\semi_supervised learning GAN\semi_supervised learning GAN\dataset\0.05\labelled_msk\013_positive_01013_1_2024-02-12_54_sagittal.nii
C:\Beyond_vision\semi_supervised learning GAN\semi_supervised learning GAN\dataset\0.05\labelled_img\013_positive_01013_1_2024-02-12_55_coronal.jpg,C:\Beyond_vision\semi_supervised learning GAN\semi_supervised learning GAN\dataset\0.05\labelled_msk\013_positive_01013_1_2024-02-12_55_coronal.nii
C:\Beyond_vision\semi_supervised learning GAN\semi_supervised learning GAN\dataset\0.05\labelled_img\013_positive_01013_1_2024-02-12_55_sagittal.jpg,C:\Beyond_vision\semi_supervised learning GAN\semi_supervised learning GAN\dataset\0.05\labelled_msk\013_positive_01013_1_2024-02-12_55_sagittal.nii
C:\Beyond_vision\semi_supervised learning GAN\semi_supervised learning GAN\dataset\0.05\labelled_img\013_positive_01013_1_2024-02-12_56_coronal.jpg,C:\Beyond_vision\semi_supervised learning GAN\semi_supervised learning GAN\dataset\0.05\labelled_msk\013_positive_01013_1_2024-02-12_56_coronal.nii
C:\Beyond_vision\semi_supervised learning GAN\semi_supervised learning GAN\dataset\0.05\labelled_img\013_positive_01013_1_2024-02-12_56_sagittal.jpg,C:\Beyond_vision\semi_supervised learning GAN\semi_supervised learning GAN\dataset\0.05\labelled_msk\013_positive_01013_1_2024-02-12_56_sagittal.nii
C:\Beyond_vision\semi_supervised learning GAN\semi_supervised learning GAN\dataset\0.05\labelled_img\013_positive_01013_1_2024-02-12_57_coronal.jpg,C:\Beyond_vision\semi_supervised learning GAN\semi_supervised learning GAN\dataset\0.05\labelled_msk\013_positive_01013_1_2024-02-12_57_coronal.nii
C:\Beyond_vision\semi_supervised learning GAN\semi_supervised learning GAN\dataset\0.05\labelled_img\013_positive_01013_1_2024-02-12_57_sagittal.jpg,C:\Beyond_vision\semi_supervised learning GAN\semi_supervised learning GAN\dataset\0.05\labelled_msk\013_positive_01013_1_2024-02-12_57_sagittal.nii
C:\Beyond_vision\semi_supervised learning GAN\semi_supervised learning GAN\dataset\0.05\labelled_img\013_positive_01013_1_2024-02-12_58_coronal.jpg,C:\Beyond_vision\semi_supervised learning GAN\semi_supervised learning GAN\dataset\0.05\labelled_msk\013_positive_01013_1_2024-02-12_58_coronal.nii
C:\Beyond_vision\semi_supervised learning GAN\semi_supervised learning GAN\dataset\0.05\labelled_img\013_positive_01013_1_2024-02-12_58_sagittal.jpg,C:\Beyond_vision\semi_supervised learning GAN\semi_supervised learning GAN\dataset\0.05\labelled_msk\013_positive_01013_1_2024-02-12_58_sagittal.nii
C:\Beyond_vision\semi_supervised learning GAN\semi_supervised learning GAN\dataset\0.05\labelled_img\013_positive_01013_1_2024-02-12_59_coronal.jpg,C:\Beyond_vision\semi_supervised learning GAN\semi_supervised learning GAN\dataset\0.05\labelled_msk\013_positive_01013_1_2024-02-12_59_coronal.nii
C:\Beyond_vision\semi_supervised learning GAN\semi_supervised learning GAN\dataset\0.05\labelled_img\013_positive_01013_1_2024-02-12_59_sagittal.jpg,C:\Beyond_vision\semi_supervised learning GAN\semi_supervised learning GAN\dataset\0.05\labelled_msk\013_positive_01013_1_2024-02-12_59_sagittal.nii
C:\Beyond_vision\semi_supervised learning GAN\semi_supervised learning GAN\dataset\0.05\labelled_img\013_positive_01013_1_2024-02-12_5_coronal.jpg,C:\Beyond_vision\semi_supervised learning GAN\semi_supervised learning GAN\dataset\0.05\labelled_msk\013_positive_01013_1_2024-02-12_5_coronal.nii
C:\Beyond_vision\semi_supervised learning GAN\semi_supervised learning GAN\dataset\0.05\labelled_img\013_positive_01013_1_2024-02-12_5_sagittal.jpg,C:\Beyond_vision\semi_supervised learning GAN\semi_supervised learning GAN\dataset\0.05\labelled_msk\013_positive_01013_1_2024-02-12_5_sagittal.nii
C:\Beyond_vision\semi_supervised learning GAN\semi_supervised learning GAN\dataset\0.05\labelled_img\013_positive_01013_1_2024-02-12_60_coronal.jpg,C:\Beyond_vision\semi_supervised learning GAN\semi_supervised learning GAN\dataset\0.05\labelled_msk\013_positive_01013_1_2024-02-12_60_coronal.nii
C:\Beyond_vision\semi_supervised learning GAN\semi_supervised learning GAN\dataset\0.05\labelled_img\013_positive_01013_1_2024-02-12_60_sagittal.jpg,C:\Beyond_vision\semi_supervised learning GAN\semi_supervised learning GAN\dataset\0.05\labelled_msk\013_positive_01013_1_2024-02-12_60_sagittal.nii
C:\Beyond_vision\semi_supervised learning GAN\semi_supervised learning GAN\dataset\0.05\labelled_img\013_positive_01013_1_2024-02-12_61_coronal.jpg,C:\Beyond_vision\semi_supervised learning GAN\semi_supervised learning GAN\dataset\0.05\labelled_msk\013_positive_01013_1_2024-02-12_61_coronal.nii
C:\Beyond_vision\semi_supervised learning GAN\semi_supervised learning GAN\dataset\0.05\labelled_img\013_positive_01013_1_2024-02-12_61_sagittal.jpg,C:\Beyond_vision\semi_supervised learning GAN\semi_supervised learning GAN\dataset\0.05\labelled_msk\013_positive_01013_1_2024-02-12_61_sagittal.nii
C:\Beyond_vision\semi_supervised learning GAN\semi_supervised learning GAN\dataset\0.05\labelled_img\013_positive_01013_1_2024-02-12_62_coronal.jpg,C:\Beyond_vision\semi_supervised learning GAN\semi_supervised learning GAN\dataset\0.05\labelled_msk\013_positive_01013_1_2024-02-12_62_coronal.nii
C:\Beyond_vision\semi_supervised learning GAN\semi_supervised learning GAN\dataset\0.05\labelled_img\013_positive_01013_1_2024-02-12_62_sagittal.jpg,C:\Beyond_vision\semi_supervised learning GAN\semi_supervised learning GAN\dataset\0.05\labelled_msk\013_positive_01013_1_2024-02-12_62_sagittal.nii
C:\Beyond_vision\semi_supervised learning GAN\semi_supervised learning GAN\dataset\0.05\labelled_img\013_positive_01013_1_2024-02-12_63_coronal.jpg,C:\Beyond_vision\semi_supervised learning GAN\semi_supervised learning GAN\dataset\0.05\labelled_msk\013_positive_01013_1_2024-02-12_63_coronal.nii
C:\Beyond_vision\semi_supervised learning GAN\semi_supervised learning GAN\dataset\0.05\labelled_img\013_positive_01013_1_2024-02-12_63_sagittal.jpg,C:\Beyond_vision\semi_supervised learning GAN\semi_supervised learning GAN\dataset\0.05\labelled_msk\013_positive_01013_1_2024-02-12_63_sagittal.nii
C:\Beyond_vision\semi_supervised learning GAN\semi_supervised learning GAN\dataset\0.05\labelled_img\013_positive_01013_1_2024-02-12_64_coronal.jpg,C:\Beyond_vision\semi_supervised learning GAN\semi_supervised learning GAN\dataset\0.05\labelled_msk\013_positive_01013_1_2024-02-12_64_coronal.nii
C:\Beyond_vision\semi_supervised learning GAN\semi_supervised learning GAN\dataset\0.05\labelled_img\013_positive_01013_1_2024-02-12_64_sagittal.jpg,C:\Beyond_vision\semi_supervised learning GAN\semi_supervised learning GAN\dataset\0.05\labelled_msk\013_positive_01013_1_2024-02-12_64_sagittal.nii
C:\Beyond_vision\semi_supervised learning GAN\semi_supervised learning GAN\dataset\0.05\labelled_img\013_positive_01013_1_2024-02-12_65_coronal.jpg,C:\Beyond_vision\semi_supervised learning GAN\semi_supervised learning GAN\dataset\0.05\labelled_msk\013_positive_01013_1_2024-02-12_65_coronal.nii
C:\Beyond_vision\semi_supervised learning GAN\semi_supervised learning GAN\dataset\0.05\labelled_img\013_positive_01013_1_2024-02-12_65_sagittal.jpg,C:\Beyond_vision\semi_supervised learning GAN\semi_supervised learning GAN\dataset\0.05\labelled_msk\013_positive_01013_1_2024-02-12_65_sagittal.nii
C:\Beyond_vision\semi_supervised learning GAN\semi_supervised learning GAN\dataset\0.05\labelled_img\013_positive_01013_1_2024-02-12_66_coronal.jpg,C:\Beyond_vision\semi_supervised learning GAN\semi_supervised learning GAN\dataset\0.05\labelled_msk\013_positive_01013_1_2024-02-12_66_coronal.nii
C:\Beyond_vision\semi_supervised learning GAN\semi_supervised learning GAN\dataset\0.05\labelled_img\013_positive_01013_1_2024-02-12_66_sagittal.jpg,C:\Beyond_vision\semi_supervised learning GAN\semi_supervised learning GAN\dataset\0.05\labelled_msk\013_positive_01013_1_2024-02-12_66_sagittal.nii
C:\Beyond_vision\semi_supervised learning GAN\semi_supervised learning GAN\dataset\0.05\labelled_img\013_positive_01013_1_2024-02-12_67_coronal.jpg,C:\Beyond_vision\semi_supervised learning GAN\semi_supervised learning GAN\dataset\0.05\labelled_msk\013_positive_01013_1_2024-02-12_67_coronal.nii
C:\Beyond_vision\semi_supervised learning GAN\semi_supervised learning GAN\dataset\0.05\labelled_img\013_positive_01013_1_2024-02-12_67_sagittal.jpg,C:\Beyond_vision\semi_supervised learning GAN\semi_supervised learning GAN\dataset\0.05\labelled_msk\013_positive_01013_1_2024-02-12_67_sagittal.nii
C:\Beyond_vision\semi_supervised learning GAN\semi_supervised learning GAN\dataset\0.05\labelled_img\013_positive_01013_1_2024-02-12_68_coronal.jpg,C:\Beyond_vision\semi_supervised learning GAN\semi_supervised learning GAN\dataset\0.05\labelled_msk\013_positive_01013_1_2024-02-12_68_coronal.nii
C:\Beyond_vision\semi_supervised learning GAN\semi_supervised learning GAN\dataset\0.05\labelled_img\013_positive_01013_1_2024-02-12_68_sagittal.jpg,C:\Beyond_vision\semi_supervised learning GAN\semi_supervised learning GAN\dataset\0.05\labelled_msk\013_positive_01013_1_2024-02-12_68_sagittal.nii
C:\Beyond_vision\semi_supervised learning GAN\semi_supervised learning GAN\dataset\0.05\labelled_img\013_positive_01013_1_2024-02-12_69_coronal.jpg,C:\Beyond_vision\semi_supervised learning GAN\semi_supervised learning GAN\dataset\0.05\labelled_msk\013_positive_01013_1_2024-02-12_69_coronal.nii
C:\Beyond_vision\semi_supervised learning GAN\semi_supervised learning GAN\dataset\0.05\labelled_img\013_positive_01013_1_2024-02-12_69_sagittal.jpg,C:\Beyond_vision\semi_supervised learning GAN\semi_supervised learning GAN\dataset\0.05\labelled_msk\013_positive_01013_1_2024-02-12_69_sagittal.nii
C:\Beyond_vision\semi_supervised learning GAN\semi_supervised learning GAN\dataset\0.05\labelled_img\013_positive_01013_1_2024-02-12_6_coronal.jpg,C:\Beyond_vision\semi_supervised learning GAN\semi_supervised learning GAN\dataset\0.05\labelled_msk\013_positive_01013_1_2024-02-12_6_coronal.nii
C:\Beyond_vision\semi_supervised learning GAN\semi_supervised learning GAN\dataset\0.05\labelled_img\013_positive_01013_1_2024-02-12_6_sagittal.jpg,C:\Beyond_vision\semi_supervised learning GAN\semi_supervised learning GAN\dataset\0.05\labelled_msk\013_positive_01013_1_2024-02-12_6_sagittal.nii
C:\Beyond_vision\semi_supervised learning GAN\semi_supervised learning GAN\dataset\0.05\labelled_img\013_positive_01013_1_2024-02-12_70_coronal.jpg,C:\Beyond_vision\semi_supervised learning GAN\semi_supervised learning GAN\dataset\0.05\labelled_msk\013_positive_01013_1_2024-02-12_70_coronal.nii
C:\Beyond_vision\semi_supervised learning GAN\semi_supervised learning GAN\dataset\0.05\labelled_img\013_positive_01013_1_2024-02-12_70_sagittal.jpg,C:\Beyond_vision\semi_supervised learning GAN\semi_supervised learning GAN\dataset\0.05\labelled_msk\013_positive_01013_1_2024-02-12_70_sagittal.nii
C:\Beyond_vision\semi_supervised learning GAN\semi_supervised learning GAN\dataset\0.05\labelled_img\013_positive_01013_1_2024-02-12_71_coronal.jpg,C:\Beyond_vision\semi_supervised learning GAN\semi_supervised learning GAN\dataset\0.05\labelled_msk\013_positive_01013_1_2024-02-12_71_coronal.nii
C:\Beyond_vision\semi_supervised learning GAN\semi_supervised learning GAN\dataset\0.05\labelled_img\013_positive_01013_1_2024-02-12_71_sagittal.jpg,C:\Beyond_vision\semi_supervised learning GAN\semi_supervised learning GAN\dataset\0.05\labelled_msk\013_positive_01013_1_2024-02-12_71_sagittal.nii
C:\Beyond_vision\semi_supervised learning GAN\semi_supervised learning GAN\dataset\0.05\labelled_img\013_positive_01013_1_2024-02-12_72_coronal.jpg,C:\Beyond_vision\semi_supervised learning GAN\semi_supervised learning GAN\dataset\0.05\labelled_msk\013_positive_01013_1_2024-02-12_72_coronal.nii
C:\Beyond_vision\semi_supervised learning GAN\semi_supervised learning GAN\dataset\0.05\labelled_img\013_positive_01013_1_2024-02-12_72_sagittal.jpg,C:\Beyond_vision\semi_supervised learning GAN\semi_supervised learning GAN\dataset\0.05\labelled_msk\013_positive_01013_1_2024-02-12_72_sagittal.nii
C:\Beyond_vision\semi_supervised learning GAN\semi_supervised learning GAN\dataset\0.05\labelled_img\013_positive_01013_1_2024-02-12_73_coronal.jpg,C:\Beyond_vision\semi_supervised learning GAN\semi_supervised learning GAN\dataset\0.05\labelled_msk\013_positive_01013_1_2024-02-12_73_coronal.nii
C:\Beyond_vision\semi_supervised learning GAN\semi_supervised learning GAN\dataset\0.05\labelled_img\013_positive_01013_1_2024-02-12_73_sagittal.jpg,C:\Beyond_vision\semi_supervised learning GAN\semi_supervised learning GAN\dataset\0.05\labelled_msk\013_positive_01013_1_2024-02-12_73_sagittal.nii
C:\Beyond_vision\semi_supervised learning GAN\semi_supervised learning GAN\dataset\0.05\labelled_img\013_positive_01013_1_2024-02-12_74_coronal.jpg,C:\Beyond_vision\semi_supervised learning GAN\semi_supervised learning GAN\dataset\0.05\labelled_msk\013_positive_01013_1_2024-02-12_74_coronal.nii
C:\Beyond_vision\semi_supervised learning GAN\semi_supervised learning GAN\dataset\0.05\labelled_img\013_positive_01013_1_2024-02-12_74_sagittal.jpg,C:\Beyond_vision\semi_supervised learning GAN\semi_supervised learning GAN\dataset\0.05\labelled_msk\013_positive_01013_1_2024-02-12_74_sagittal.nii
C:\Beyond_vision\semi_supervised learning GAN\semi_supervised learning GAN\dataset\0.05\labelled_img\013_positive_01013_1_2024-02-12_75_coronal.jpg,C:\Beyond_vision\semi_supervised learning GAN\semi_supervised learning GAN\dataset\0.05\labelled_msk\013_positive_01013_1_2024-02-12_75_coronal.nii
C:\Beyond_vision\semi_supervised learning GAN\semi_supervised learning GAN\dataset\0.05\labelled_img\013_positive_01013_1_2024-02-12_75_sagittal.jpg,C:\Beyond_vision\semi_supervised learning GAN\semi_supervised learning GAN\dataset\0.05\labelled_msk\013_positive_01013_1_2024-02-12_75_sagittal.nii
C:\Beyond_vision\semi_supervised learning GAN\semi_supervised learning GAN\dataset\0.05\labelled_img\013_positive_01013_1_2024-02-12_76_coronal.jpg,C:\Beyond_vision\semi_supervised learning GAN\semi_supervised learning GAN\dataset\0.05\labelled_msk\013_positive_01013_1_2024-02-12_76_coronal.nii
C:\Beyond_vision\semi_supervised learning GAN\semi_supervised learning GAN\dataset\0.05\labelled_img\013_positive_01013_1_2024-02-12_76_sagittal.jpg,C:\Beyond_vision\semi_supervised learning GAN\semi_supervised learning GAN\dataset\0.05\labelled_msk\013_positive_01013_1_2024-02-12_76_sagittal.nii
C:\Beyond_vision\semi_supervised learning GAN\semi_supervised learning GAN\dataset\0.05\labelled_img\013_positive_01013_1_2024-02-12_77_coronal.jpg,C:\Beyond_vision\semi_supervised learning GAN\semi_supervised learning GAN\dataset\0.05\labelled_msk\013_positive_01013_1_2024-02-12_77_coronal.nii
C:\Beyond_vision\semi_supervised learning GAN\semi_supervised learning GAN\dataset\0.05\labelled_img\013_positive_01013_1_2024-02-12_77_sagittal.jpg,C:\Beyond_vision\semi_supervised learning GAN\semi_supervised learning GAN\dataset\0.05\labelled_msk\013_positive_01013_1_2024-02-12_77_sagittal.nii
C:\Beyond_vision\semi_supervised learning GAN\semi_supervised learning GAN\dataset\0.05\labelled_img\013_positive_01013_1_2024-02-12_78_coronal.jpg,C:\Beyond_vision\semi_supervised learning GAN\semi_supervised learning GAN\dataset\0.05\labelled_msk\013_positive_01013_1_2024-02-12_78_coronal.nii
C:\Beyond_vision\semi_supervised learning GAN\semi_supervised learning GAN\dataset\0.05\labelled_img\013_positive_01013_1_2024-02-12_78_sagittal.jpg,C:\Beyond_vision\semi_supervised learning GAN\semi_supervised learning GAN\dataset\0.05\labelled_msk\013_positive_01013_1_2024-02-12_78_sagittal.nii
C:\Beyond_vision\semi_supervised learning GAN\semi_supervised learning GAN\dataset\0.05\labelled_img\013_positive_01013_1_2024-02-12_79_coronal.jpg,C:\Beyond_vision\semi_supervised learning GAN\semi_supervised learning GAN\dataset\0.05\labelled_msk\013_positive_01013_1_2024-02-12_79_coronal.nii
C:\Beyond_vision\semi_supervised learning GAN\semi_supervised learning GAN\dataset\0.05\labelled_img\013_positive_01013_1_2024-02-12_79_sagittal.jpg,C:\Beyond_vision\semi_supervised learning GAN\semi_supervised learning GAN\dataset\0.05\labelled_msk\013_positive_01013_1_2024-02-12_79_sagittal.nii
C:\Beyond_vision\semi_supervised learning GAN\semi_supervised learning GAN\dataset\0.05\labelled_img\013_positive_01013_1_2024-02-12_7_coronal.jpg,C:\Beyond_vision\semi_supervised learning GAN\semi_supervised learning GAN\dataset\0.05\labelled_msk\013_positive_01013_1_2024-02-12_7_coronal.nii
C:\Beyond_vision\semi_supervised learning GAN\semi_supervised learning GAN\dataset\0.05\labelled_img\013_positive_01013_1_2024-02-12_7_sagittal.jpg,C:\Beyond_vision\semi_supervised learning GAN\semi_supervised learning GAN\dataset\0.05\labelled_msk\013_positive_01013_1_2024-02-12_7_sagittal.nii
C:\Beyond_vision\semi_supervised learning GAN\semi_supervised learning GAN\dataset\0.05\labelled_img\013_positive_01013_1_2024-02-12_80_coronal.jpg,C:\Beyond_vision\semi_supervised learning GAN\semi_supervised learning GAN\dataset\0.05\labelled_msk\013_positive_01013_1_2024-02-12_80_coronal.nii
C:\Beyond_vision\semi_supervised learning GAN\semi_supervised learning GAN\dataset\0.05\labelled_img\013_positive_01013_1_2024-02-12_80_sagittal.jpg,C:\Beyond_vision\semi_supervised learning GAN\semi_supervised learning GAN\dataset\0.05\labelled_msk\013_positive_01013_1_2024-02-12_80_sagittal.nii
C:\Beyond_vision\semi_supervised learning GAN\semi_supervised learning GAN\dataset\0.05\labelled_img\013_positive_01013_1_2024-02-12_81_coronal.jpg,C:\Beyond_vision\semi_supervised learning GAN\semi_supervised learning GAN\dataset\0.05\labelled_msk\013_positive_01013_1_2024-02-12_81_coronal.nii
C:\Beyond_vision\semi_supervised learning GAN\semi_supervised learning GAN\dataset\0.05\labelled_img\013_positive_01013_1_2024-02-12_81_sagittal.jpg,C:\Beyond_vision\semi_supervised learning GAN\semi_supervised learning GAN\dataset\0.05\labelled_msk\013_positive_01013_1_2024-02-12_81_sagittal.nii
C:\Beyond_vision\semi_supervised learning GAN\semi_supervised learning GAN\dataset\0.05\labelled_img\013_positive_01013_1_2024-02-12_82_coronal.jpg,C:\Beyond_vision\semi_supervised learning GAN\semi_supervised learning GAN\dataset\0.05\labelled_msk\013_positive_01013_1_2024-02-12_82_coronal.nii
C:\Beyond_vision\semi_supervised learning GAN\semi_supervised learning GAN\dataset\0.05\labelled_img\013_positive_01013_1_2024-02-12_82_sagittal.jpg,C:\Beyond_vision\semi_supervised learning GAN\semi_supervised learning GAN\dataset\0.05\labelled_msk\013_positive_01013_1_2024-02-12_82_sagittal.nii
C:\Beyond_vision\semi_supervised learning GAN\semi_supervised learning GAN\dataset\0.05\labelled_img\013_positive_01013_1_2024-02-12_83_coronal.jpg,C:\Beyond_vision\semi_supervised learning GAN\semi_supervised learning GAN\dataset\0.05\labelled_msk\013_positive_01013_1_2024-02-12_83_coronal.nii
C:\Beyond_vision\semi_supervised learning GAN\semi_supervised learning GAN\dataset\0.05\labelled_img\013_positive_01013_1_2024-02-12_83_sagittal.jpg,C:\Beyond_vision\semi_supervised learning GAN\semi_supervised learning GAN\dataset\0.05\labelled_msk\013_positive_01013_1_2024-02-12_83_sagittal.nii
C:\Beyond_vision\semi_supervised learning GAN\semi_supervised learning GAN\dataset\0.05\labelled_img\013_positive_01013_1_2024-02-12_84_coronal.jpg,C:\Beyond_vision\semi_supervised learning GAN\semi_supervised learning GAN\dataset\0.05\labelled_msk\013_positive_01013_1_2024-02-12_84_coronal.nii
C:\Beyond_vision\semi_supervised learning GAN\semi_supervised learning GAN\dataset\0.05\labelled_img\013_positive_01013_1_2024-02-12_84_sagittal.jpg,C:\Beyond_vision\semi_supervised learning GAN\semi_supervised learning GAN\dataset\0.05\labelled_msk\013_positive_01013_1_2024-02-12_84_sagittal.nii
C:\Beyond_vision\semi_supervised learning GAN\semi_supervised learning GAN\dataset\0.05\labelled_img\013_positive_01013_1_2024-02-12_85_coronal.jpg,C:\Beyond_vision\semi_supervised learning GAN\semi_supervised learning GAN\dataset\0.05\labelled_msk\013_positive_01013_1_2024-02-12_85_coronal.nii
C:\Beyond_vision\semi_supervised learning GAN\semi_supervised learning GAN\dataset\0.05\labelled_img\013_positive_01013_1_2024-02-12_85_sagittal.jpg,C:\Beyond_vision\semi_supervised learning GAN\semi_supervised learning GAN\dataset\0.05\labelled_msk\013_positive_01013_1_2024-02-12_85_sagittal.nii
C:\Beyond_vision\semi_supervised learning GAN\semi_supervised learning GAN\dataset\0.05\labelled_img\013_positive_01013_1_2024-02-12_86_coronal.jpg,C:\Beyond_vision\semi_supervised learning GAN\semi_supervised learning GAN\dataset\0.05\labelled_msk\013_positive_01013_1_2024-02-12_86_coronal.nii
C:\Beyond_vision\semi_supervised learning GAN\semi_supervised learning GAN\dataset\0.05\labelled_img\013_positive_01013_1_2024-02-12_86_sagittal.jpg,C:\Beyond_vision\semi_supervised learning GAN\semi_supervised learning GAN\dataset\0.05\labelled_msk\013_positive_01013_1_2024-02-12_86_sagittal.nii
C:\Beyond_vision\semi_supervised learning GAN\semi_supervised learning GAN\dataset\0.05\labelled_img\013_positive_01013_1_2024-02-12_87_coronal.jpg,C:\Beyond_vision\semi_supervised learning GAN\semi_supervised learning GAN\dataset\0.05\labelled_msk\013_positive_01013_1_2024-02-12_87_coronal.nii
C:\Beyond_vision\semi_supervised learning GAN\semi_supervised learning GAN\dataset\0.05\labelled_img\013_positive_01013_1_2024-02-12_87_sagittal.jpg,C:\Beyond_vision\semi_supervised learning GAN\semi_supervised learning GAN\dataset\0.05\labelled_msk\013_positive_01013_1_2024-02-12_87_sagittal.nii
C:\Beyond_vision\semi_supervised learning GAN\semi_supervised learning GAN\dataset\0.05\labelled_img\013_positive_01013_1_2024-02-12_88_coronal.jpg,C:\Beyond_vision\semi_supervised learning GAN\semi_supervised learning GAN\dataset\0.05\labelled_msk\013_positive_01013_1_2024-02-12_88_coronal.nii
C:\Beyond_vision\semi_supervised learning GAN\semi_supervised learning GAN\dataset\0.05\labelled_img\013_positive_01013_1_2024-02-12_88_sagittal.jpg,C:\Beyond_vision\semi_supervised learning GAN\semi_supervised learning GAN\dataset\0.05\labelled_msk\013_positive_01013_1_2024-02-12_88_sagittal.nii
C:\Beyond_vision\semi_supervised learning GAN\semi_supervised learning GAN\dataset\0.05\labelled_img\013_positive_01013_1_2024-02-12_89_coronal.jpg,C:\Beyond_vision\semi_supervised learning GAN\semi_supervised learning GAN\dataset\0.05\labelled_msk\013_positive_01013_1_2024-02-12_89_coronal.nii
C:\Beyond_vision\semi_supervised learning GAN\semi_supervised learning GAN\dataset\0.05\labelled_img\013_positive_01013_1_2024-02-12_89_sagittal.jpg,C:\Beyond_vision\semi_supervised learning GAN\semi_supervised learning GAN\dataset\0.05\labelled_msk\013_positive_01013_1_2024-02-12_89_sagittal.nii
C:\Beyond_vision\semi_supervised learning GAN\semi_supervised learning GAN\dataset\0.05\labelled_img\013_positive_01013_1_2024-02-12_8_coronal.jpg,C:\Beyond_vision\semi_supervised learning GAN\semi_supervised learning GAN\dataset\0.05\labelled_msk\013_positive_01013_1_2024-02-12_8_coronal.nii
C:\Beyond_vision\semi_supervised learning GAN\semi_supervised learning GAN\dataset\0.05\labelled_img\013_positive_01013_1_2024-02-12_8_sagittal.jpg,C:\Beyond_vision\semi_supervised learning GAN\semi_supervised learning GAN\dataset\0.05\labelled_msk\013_positive_01013_1_2024-02-12_8_sagittal.nii
C:\Beyond_vision\semi_supervised learning GAN\semi_supervised learning GAN\dataset\0.05\labelled_img\013_positive_01013_1_2024-02-12_90_coronal.jpg,C:\Beyond_vision\semi_supervised learning GAN\semi_supervised learning GAN\dataset\0.05\labelled_msk\013_positive_01013_1_2024-02-12_90_coronal.nii
C:\Beyond_vision\semi_supervised learning GAN\semi_supervised learning GAN\dataset\0.05\labelled_img\013_positive_01013_1_2024-02-12_90_sagittal.jpg,C:\Beyond_vision\semi_supervised learning GAN\semi_supervised learning GAN\dataset\0.05\labelled_msk\013_positive_01013_1_2024-02-12_90_sagittal.nii
C:\Beyond_vision\semi_supervised learning GAN\semi_supervised learning GAN\dataset\0.05\labelled_img\013_positive_01013_1_2024-02-12_91_coronal.jpg,C:\Beyond_vision\semi_supervised learning GAN\semi_supervised learning GAN\dataset\0.05\labelled_msk\013_positive_01013_1_2024-02-12_91_coronal.nii
C:\Beyond_vision\semi_supervised learning GAN\semi_supervised learning GAN\dataset\0.05\labelled_img\013_positive_01013_1_2024-02-12_91_sagittal.jpg,C:\Beyond_vision\semi_supervised learning GAN\semi_supervised learning GAN\dataset\0.05\labelled_msk\013_positive_01013_1_2024-02-12_91_sagittal.nii
C:\Beyond_vision\semi_supervised learning GAN\semi_supervised learning GAN\dataset\0.05\labelled_img\013_positive_01013_1_2024-02-12_92_coronal.jpg,C:\Beyond_vision\semi_supervised learning GAN\semi_supervised learning GAN\dataset\0.05\labelled_msk\013_positive_01013_1_2024-02-12_92_coronal.nii
C:\Beyond_vision\semi_supervised learning GAN\semi_supervised learning GAN\dataset\0.05\labelled_img\013_positive_01013_1_2024-02-12_92_sagittal.jpg,C:\Beyond_vision\semi_supervised learning GAN\semi_supervised learning GAN\dataset\0.05\labelled_msk\013_positive_01013_1_2024-02-12_92_sagittal.nii
C:\Beyond_vision\semi_supervised learning GAN\semi_supervised learning GAN\dataset\0.05\labelled_img\013_positive_01013_1_2024-02-12_93_coronal.jpg,C:\Beyond_vision\semi_supervised learning GAN\semi_supervised learning GAN\dataset\0.05\labelled_msk\013_positive_01013_1_2024-02-12_93_coronal.nii
C:\Beyond_vision\semi_supervised learning GAN\semi_supervised learning GAN\dataset\0.05\labelled_img\013_positive_01013_1_2024-02-12_93_sagittal.jpg,C:\Beyond_vision\semi_supervised learning GAN\semi_supervised learning GAN\dataset\0.05\labelled_msk\013_positive_01013_1_2024-02-12_93_sagittal.nii
C:\Beyond_vision\semi_supervised learning GAN\semi_supervised learning GAN\dataset\0.05\labelled_img\013_positive_01013_1_2024-02-12_94_coronal.jpg,C:\Beyond_vision\semi_supervised learning GAN\semi_supervised learning GAN\dataset\0.05\labelled_msk\013_positive_01013_1_2024-02-12_94_coronal.nii
C:\Beyond_vision\semi_supervised learning GAN\semi_supervised learning GAN\dataset\0.05\labelled_img\013_positive_01013_1_2024-02-12_94_sagittal.jpg,C:\Beyond_vision\semi_supervised learning GAN\semi_supervised learning GAN\dataset\0.05\labelled_msk\013_positive_01013_1_2024-02-12_94_sagittal.nii
C:\Beyond_vision\semi_supervised learning GAN\semi_supervised learning GAN\dataset\0.05\labelled_img\013_positive_01013_1_2024-02-12_95_coronal.jpg,C:\Beyond_vision\semi_supervised learning GAN\semi_supervised learning GAN\dataset\0.05\labelled_msk\013_positive_01013_1_2024-02-12_95_coronal.nii
C:\Beyond_vision\semi_supervised learning GAN\semi_supervised learning GAN\dataset\0.05\labelled_img\013_positive_01013_1_2024-02-12_95_sagittal.jpg,C:\Beyond_vision\semi_supervised learning GAN\semi_supervised learning GAN\dataset\0.05\labelled_msk\013_positive_01013_1_2024-02-12_95_sagittal.nii
C:\Beyond_vision\semi_supervised learning GAN\semi_supervised learning GAN\dataset\0.05\labelled_img\013_positive_01013_1_2024-02-12_96_coronal.jpg,C:\Beyond_vision\semi_supervised learning GAN\semi_supervised learning GAN\dataset\0.05\labelled_msk\013_positive_01013_1_2024-02-12_96_coronal.nii
C:\Beyond_vision\semi_supervised learning GAN\semi_supervised learning GAN\dataset\0.05\labelled_img\013_positive_01013_1_2024-02-12_96_sagittal.jpg,C:\Beyond_vision\semi_supervised learning GAN\semi_supervised learning GAN\dataset\0.05\labelled_msk\013_positive_01013_1_2024-02-12_96_sagittal.nii
C:\Beyond_vision\semi_supervised learning GAN\semi_supervised learning GAN\dataset\0.05\labelled_img\013_positive_01013_1_2024-02-12_97_coronal.jpg,C:\Beyond_vision\semi_supervised learning GAN\semi_supervised learning GAN\dataset\0.05\labelled_msk\013_positive_01013_1_2024-02-12_97_coronal.nii
C:\Beyond_vision\semi_supervised learning GAN\semi_supervised learning GAN\dataset\0.05\labelled_img\013_positive_01013_1_2024-02-12_97_sagittal.jpg,C:\Beyond_vision\semi_supervised learning GAN\semi_supervised learning GAN\dataset\0.05\labelled_msk\013_positive_01013_1_2024-02-12_97_sagittal.nii
C:\Beyond_vision\semi_supervised learning GAN\semi_supervised learning GAN\dataset\0.05\labelled_img\013_positive_01013_1_2024-02-12_98_coronal.jpg,C:\Beyond_vision\semi_supervised learning GAN\semi_supervised learning GAN\dataset\0.05\labelled_msk\013_positive_01013_1_2024-02-12_98_coronal.nii
C:\Beyond_vision\semi_supervised learning GAN\semi_supervised learning GAN\dataset\0.05\labelled_img\013_positive_01013_1_2024-02-12_98_sagittal.jpg,C:\Beyond_vision\semi_supervised learning GAN\semi_supervised learning GAN\dataset\0.05\labelled_msk\013_positive_01013_1_2024-02-12_98_sagittal.nii
C:\Beyond_vision\semi_supervised learning GAN\semi_supervised learning GAN\dataset\0.05\labelled_img\013_positive_01013_1_2024-02-12_99_coronal.jpg,C:\Beyond_vision\semi_supervised learning GAN\semi_supervised learning GAN\dataset\0.05\labelled_msk\013_positive_01013_1_2024-02-12_99_coronal.nii
C:\Beyond_vision\semi_supervised learning GAN\semi_supervised learning GAN\dataset\0.05\labelled_img\013_positive_01013_1_2024-02-12_99_sagittal.jpg,C:\Beyond_vision\semi_supervised learning GAN\semi_supervised learning GAN\dataset\0.05\labelled_msk\013_positive_01013_1_2024-02-12_99_sagittal.nii
C:\Beyond_vision\semi_supervised learning GAN\semi_supervised learning GAN\dataset\0.05\labelled_img\013_positive_01013_1_2024-02-12_9_coronal.jpg,C:\Beyond_vision\semi_supervised learning GAN\semi_supervised learning GAN\dataset\0.05\labelled_msk\013_positive_01013_1_2024-02-12_9_coronal.nii
C:\Beyond_vision\semi_supervised learning GAN\semi_supervised learning GAN\dataset\0.05\labelled_img\013_positive_01013_1_2024-02-12_9_sagittal.jpg,C:\Beyond_vision\semi_supervised learning GAN\semi_supervised learning GAN\dataset\0.05\labelled_msk\013_positive_01013_1_2024-02-12_9_sagittal.nii
C:\Beyond_vision\semi_supervised learning GAN\semi_supervised learning GAN\dataset\0.05\labelled_img\015_positive_01015_1_2024-02-15_0_coronal.jpg,C:\Beyond_vision\semi_supervised learning GAN\semi_supervised learning GAN\dataset\0.05\labelled_msk\015_positive_01015_1_2024-02-15_0_coronal.nii
C:\Beyond_vision\semi_supervised learning GAN\semi_supervised learning GAN\dataset\0.05\labelled_img\015_positive_01015_1_2024-02-15_0_sagittal.jpg,C:\Beyond_vision\semi_supervised learning GAN\semi_supervised learning GAN\dataset\0.05\labelled_msk\015_positive_01015_1_2024-02-15_0_sagittal.nii
C:\Beyond_vision\semi_supervised learning GAN\semi_supervised learning GAN\dataset\0.05\labelled_img\015_positive_01015_1_2024-02-15_100_coronal.jpg,C:\Beyond_vision\semi_supervised learning GAN\semi_supervised learning GAN\dataset\0.05\labelled_msk\015_positive_01015_1_2024-02-15_100_coronal.nii
C:\Beyond_vision\semi_supervised learning GAN\semi_supervised learning GAN\dataset\0.05\labelled_img\015_positive_01015_1_2024-02-15_100_sagittal.jpg,C:\Beyond_vision\semi_supervised learning GAN\semi_supervised learning GAN\dataset\0.05\labelled_msk\015_positive_01015_1_2024-02-15_100_sagittal.nii
C:\Beyond_vision\semi_supervised learning GAN\semi_supervised learning GAN\dataset\0.05\labelled_img\015_positive_01015_1_2024-02-15_101_coronal.jpg,C:\Beyond_vision\semi_supervised learning GAN\semi_supervised learning GAN\dataset\0.05\labelled_msk\015_positive_01015_1_2024-02-15_101_coronal.nii
C:\Beyond_vision\semi_supervised learning GAN\semi_supervised learning GAN\dataset\0.05\labelled_img\015_positive_01015_1_2024-02-15_101_sagittal.jpg,C:\Beyond_vision\semi_supervised learning GAN\semi_supervised learning GAN\dataset\0.05\labelled_msk\015_positive_01015_1_2024-02-15_101_sagittal.nii
C:\Beyond_vision\semi_supervised learning GAN\semi_supervised learning GAN\dataset\0.05\labelled_img\015_positive_01015_1_2024-02-15_102_coronal.jpg,C:\Beyond_vision\semi_supervised learning GAN\semi_supervised learning GAN\dataset\0.05\labelled_msk\015_positive_01015_1_2024-02-15_102_coronal.nii
C:\Beyond_vision\semi_supervised learning GAN\semi_supervised learning GAN\dataset\0.05\labelled_img\015_positive_01015_1_2024-02-15_102_sagittal.jpg,C:\Beyond_vision\semi_supervised learning GAN\semi_supervised learning GAN\dataset\0.05\labelled_msk\015_positive_01015_1_2024-02-15_102_sagittal.nii
C:\Beyond_vision\semi_supervised learning GAN\semi_supervised learning GAN\dataset\0.05\labelled_img\015_positive_01015_1_2024-02-15_103_coronal.jpg,C:\Beyond_vision\semi_supervised learning GAN\semi_supervised learning GAN\dataset\0.05\labelled_msk\015_positive_01015_1_2024-02-15_103_coronal.nii
C:\Beyond_vision\semi_supervised learning GAN\semi_supervised learning GAN\dataset\0.05\labelled_img\015_positive_01015_1_2024-02-15_103_sagittal.jpg,C:\Beyond_vision\semi_supervised learning GAN\semi_supervised learning GAN\dataset\0.05\labelled_msk\015_positive_01015_1_2024-02-15_103_sagittal.nii
C:\Beyond_vision\semi_supervised learning GAN\semi_supervised learning GAN\dataset\0.05\labelled_img\015_positive_01015_1_2024-02-15_104_coronal.jpg,C:\Beyond_vision\semi_supervised learning GAN\semi_supervised learning GAN\dataset\0.05\labelled_msk\015_positive_01015_1_2024-02-15_104_coronal.nii
C:\Beyond_vision\semi_supervised learning GAN\semi_supervised learning GAN\dataset\0.05\labelled_img\015_positive_01015_1_2024-02-15_104_sagittal.jpg,C:\Beyond_vision\semi_supervised learning GAN\semi_supervised learning GAN\dataset\0.05\labelled_msk\015_positive_01015_1_2024-02-15_104_sagittal.nii
C:\Beyond_vision\semi_supervised learning GAN\semi_supervised learning GAN\dataset\0.05\labelled_img\015_positive_01015_1_2024-02-15_105_coronal.jpg,C:\Beyond_vision\semi_supervised learning GAN\semi_supervised learning GAN\dataset\0.05\labelled_msk\015_positive_01015_1_2024-02-15_105_coronal.nii
C:\Beyond_vision\semi_supervised learning GAN\semi_supervised learning GAN\dataset\0.05\labelled_img\015_positive_01015_1_2024-02-15_105_sagittal.jpg,C:\Beyond_vision\semi_supervised learning GAN\semi_supervised learning GAN\dataset\0.05\labelled_msk\015_positive_01015_1_2024-02-15_105_sagittal.nii
C:\Beyond_vision\semi_supervised learning GAN\semi_supervised learning GAN\dataset\0.05\labelled_img\015_positive_01015_1_2024-02-15_106_coronal.jpg,C:\Beyond_vision\semi_supervised learning GAN\semi_supervised learning GAN\dataset\0.05\labelled_msk\015_positive_01015_1_2024-02-15_106_coronal.nii
C:\Beyond_vision\semi_supervised learning GAN\semi_supervised learning GAN\dataset\0.05\labelled_img\015_positive_01015_1_2024-02-15_106_sagittal.jpg,C:\Beyond_vision\semi_supervised learning GAN\semi_supervised learning GAN\dataset\0.05\labelled_msk\015_positive_01015_1_2024-02-15_106_sagittal.nii
C:\Beyond_vision\semi_supervised learning GAN\semi_supervised learning GAN\dataset\0.05\labelled_img\015_positive_01015_1_2024-02-15_107_coronal.jpg,C:\Beyond_vision\semi_supervised learning GAN\semi_supervised learning GAN\dataset\0.05\labelled_msk\015_positive_01015_1_2024-02-15_107_coronal.nii
C:\Beyond_vision\semi_supervised learning GAN\semi_supervised learning GAN\dataset\0.05\labelled_img\015_positive_01015_1_2024-02-15_107_sagittal.jpg,C:\Beyond_vision\semi_supervised learning GAN\semi_supervised learning GAN\dataset\0.05\labelled_msk\015_positive_01015_1_2024-02-15_107_sagittal.nii
C:\Beyond_vision\semi_supervised learning GAN\semi_supervised learning GAN\dataset\0.05\labelled_img\015_positive_01015_1_2024-02-15_108_coronal.jpg,C:\Beyond_vision\semi_supervised learning GAN\semi_supervised learning GAN\dataset\0.05\labelled_msk\015_positive_01015_1_2024-02-15_108_coronal.nii
C:\Beyond_vision\semi_supervised learning GAN\semi_supervised learning GAN\dataset\0.05\labelled_img\015_positive_01015_1_2024-02-15_108_sagittal.jpg,C:\Beyond_vision\semi_supervised learning GAN\semi_supervised learning GAN\dataset\0.05\labelled_msk\015_positive_01015_1_2024-02-15_108_sagittal.nii
C:\Beyond_vision\semi_supervised learning GAN\semi_supervised learning GAN\dataset\0.05\labelled_img\015_positive_01015_1_2024-02-15_109_coronal.jpg,C:\Beyond_vision\semi_supervised learning GAN\semi_supervised learning GAN\dataset\0.05\labelled_msk\015_positive_01015_1_2024-02-15_109_coronal.nii
C:\Beyond_vision\semi_supervised learning GAN\semi_supervised learning GAN\dataset\0.05\labelled_img\015_positive_01015_1_2024-02-15_109_sagittal.jpg,C:\Beyond_vision\semi_supervised learning GAN\semi_supervised learning GAN\dataset\0.05\labelled_msk\015_positive_01015_1_2024-02-15_109_sagittal.nii
C:\Beyond_vision\semi_supervised learning GAN\semi_supervised learning GAN\dataset\0.05\labelled_img\015_positive_01015_1_2024-02-15_10_coronal.jpg,C:\Beyond_vision\semi_supervised learning GAN\semi_supervised learning GAN\dataset\0.05\labelled_msk\015_positive_01015_1_2024-02-15_10_coronal.nii
C:\Beyond_vision\semi_supervised learning GAN\semi_supervised learning GAN\dataset\0.05\labelled_img\015_positive_01015_1_2024-02-15_10_sagittal.jpg,C:\Beyond_vision\semi_supervised learning GAN\semi_supervised learning GAN\dataset\0.05\labelled_msk\015_positive_01015_1_2024-02-15_10_sagittal.nii
C:\Beyond_vision\semi_supervised learning GAN\semi_supervised learning GAN\dataset\0.05\labelled_img\015_positive_01015_1_2024-02-15_110_coronal.jpg,C:\Beyond_vision\semi_supervised learning GAN\semi_supervised learning GAN\dataset\0.05\labelled_msk\015_positive_01015_1_2024-02-15_110_coronal.nii
C:\Beyond_vision\semi_supervised learning GAN\semi_supervised learning GAN\dataset\0.05\labelled_img\015_positive_01015_1_2024-02-15_110_sagittal.jpg,C:\Beyond_vision\semi_supervised learning GAN\semi_supervised learning GAN\dataset\0.05\labelled_msk\015_positive_01015_1_2024-02-15_110_sagittal.nii
C:\Beyond_vision\semi_supervised learning GAN\semi_supervised learning GAN\dataset\0.05\labelled_img\015_positive_01015_1_2024-02-15_111_coronal.jpg,C:\Beyond_vision\semi_supervised learning GAN\semi_supervised learning GAN\dataset\0.05\labelled_msk\015_positive_01015_1_2024-02-15_111_coronal.nii
C:\Beyond_vision\semi_supervised learning GAN\semi_supervised learning GAN\dataset\0.05\labelled_img\015_positive_01015_1_2024-02-15_111_sagittal.jpg,C:\Beyond_vision\semi_supervised learning GAN\semi_supervised learning GAN\dataset\0.05\labelled_msk\015_positive_01015_1_2024-02-15_111_sagittal.nii
C:\Beyond_vision\semi_supervised learning GAN\semi_supervised learning GAN\dataset\0.05\labelled_img\015_positive_01015_1_2024-02-15_112_coronal.jpg,C:\Beyond_vision\semi_supervised learning GAN\semi_supervised learning GAN\dataset\0.05\labelled_msk\015_positive_01015_1_2024-02-15_112_coronal.nii
C:\Beyond_vision\semi_supervised learning GAN\semi_supervised learning GAN\dataset\0.05\labelled_img\015_positive_01015_1_2024-02-15_112_sagittal.jpg,C:\Beyond_vision\semi_supervised learning GAN\semi_supervised learning GAN\dataset\0.05\labelled_msk\015_positive_01015_1_2024-02-15_112_sagittal.nii
C:\Beyond_vision\semi_supervised learning GAN\semi_supervised learning GAN\dataset\0.05\labelled_img\015_positive_01015_1_2024-02-15_113_coronal.jpg,C:\Beyond_vision\semi_supervised learning GAN\semi_supervised learning GAN\dataset\0.05\labelled_msk\015_positive_01015_1_2024-02-15_113_coronal.nii
C:\Beyond_vision\semi_supervised learning GAN\semi_supervised learning GAN\dataset\0.05\labelled_img\015_positive_01015_1_2024-02-15_113_sagittal.jpg,C:\Beyond_vision\semi_supervised learning GAN\semi_supervised learning GAN\dataset\0.05\labelled_msk\015_positive_01015_1_2024-02-15_113_sagittal.nii
C:\Beyond_vision\semi_supervised learning GAN\semi_supervised learning GAN\dataset\0.05\labelled_img\015_positive_01015_1_2024-02-15_114_coronal.jpg,C:\Beyond_vision\semi_supervised learning GAN\semi_supervised learning GAN\dataset\0.05\labelled_msk\015_positive_01015_1_2024-02-15_114_coronal.nii
C:\Beyond_vision\semi_supervised learning GAN\semi_supervised learning GAN\dataset\0.05\labelled_img\015_positive_01015_1_2024-02-15_114_sagittal.jpg,C:\Beyond_vision\semi_supervised learning GAN\semi_supervised learning GAN\dataset\0.05\labelled_msk\015_positive_01015_1_2024-02-15_114_sagittal.nii
C:\Beyond_vision\semi_supervised learning GAN\semi_supervised learning GAN\dataset\0.05\labelled_img\015_positive_01015_1_2024-02-15_115_coronal.jpg,C:\Beyond_vision\semi_supervised learning GAN\semi_supervised learning GAN\dataset\0.05\labelled_msk\015_positive_01015_1_2024-02-15_115_coronal.nii
C:\Beyond_vision\semi_supervised learning GAN\semi_supervised learning GAN\dataset\0.05\labelled_img\015_positive_01015_1_2024-02-15_115_sagittal.jpg,C:\Beyond_vision\semi_supervised learning GAN\semi_supervised learning GAN\dataset\0.05\labelled_msk\015_positive_01015_1_2024-02-15_115_sagittal.nii
C:\Beyond_vision\semi_supervised learning GAN\semi_supervised learning GAN\dataset\0.05\labelled_img\015_positive_01015_1_2024-02-15_116_coronal.jpg,C:\Beyond_vision\semi_supervised learning GAN\semi_supervised learning GAN\dataset\0.05\labelled_msk\015_positive_01015_1_2024-02-15_116_coronal.nii
C:\Beyond_vision\semi_supervised learning GAN\semi_supervised learning GAN\dataset\0.05\labelled_img\015_positive_01015_1_2024-02-15_116_sagittal.jpg,C:\Beyond_vision\semi_supervised learning GAN\semi_supervised learning GAN\dataset\0.05\labelled_msk\015_positive_01015_1_2024-02-15_116_sagittal.nii
C:\Beyond_vision\semi_supervised learning GAN\semi_supervised learning GAN\dataset\0.05\labelled_img\015_positive_01015_1_2024-02-15_117_coronal.jpg,C:\Beyond_vision\semi_supervised learning GAN\semi_supervised learning GAN\dataset\0.05\labelled_msk\015_positive_01015_1_2024-02-15_117_coronal.nii
C:\Beyond_vision\semi_supervised learning GAN\semi_supervised learning GAN\dataset\0.05\labelled_img\015_positive_01015_1_2024-02-15_117_sagittal.jpg,C:\Beyond_vision\semi_supervised learning GAN\semi_supervised learning GAN\dataset\0.05\labelled_msk\015_positive_01015_1_2024-02-15_117_sagittal.nii
C:\Beyond_vision\semi_supervised learning GAN\semi_supervised learning GAN\dataset\0.05\labelled_img\015_positive_01015_1_2024-02-15_118_coronal.jpg,C:\Beyond_vision\semi_supervised learning GAN\semi_supervised learning GAN\dataset\0.05\labelled_msk\015_positive_01015_1_2024-02-15_118_coronal.nii
C:\Beyond_vision\semi_supervised learning GAN\semi_supervised learning GAN\dataset\0.05\labelled_img\015_positive_01015_1_2024-02-15_118_sagittal.jpg,C:\Beyond_vision\semi_supervised learning GAN\semi_supervised learning GAN\dataset\0.05\labelled_msk\015_positive_01015_1_2024-02-15_118_sagittal.nii
C:\Beyond_vision\semi_supervised learning GAN\semi_supervised learning GAN\dataset\0.05\labelled_img\015_positive_01015_1_2024-02-15_119_coronal.jpg,C:\Beyond_vision\semi_supervised learning GAN\semi_supervised learning GAN\dataset\0.05\labelled_msk\015_positive_01015_1_2024-02-15_119_coronal.nii
C:\Beyond_vision\semi_supervised learning GAN\semi_supervised learning GAN\dataset\0.05\labelled_img\015_positive_01015_1_2024-02-15_119_sagittal.jpg,C:\Beyond_vision\semi_supervised learning GAN\semi_supervised learning GAN\dataset\0.05\labelled_msk\015_positive_01015_1_2024-02-15_119_sagittal.nii
C:\Beyond_vision\semi_supervised learning GAN\semi_supervised learning GAN\dataset\0.05\labelled_img\015_positive_01015_1_2024-02-15_11_coronal.jpg,C:\Beyond_vision\semi_supervised learning GAN\semi_supervised learning GAN\dataset\0.05\labelled_msk\015_positive_01015_1_2024-02-15_11_coronal.nii
C:\Beyond_vision\semi_supervised learning GAN\semi_supervised learning GAN\dataset\0.05\labelled_img\015_positive_01015_1_2024-02-15_11_sagittal.jpg,C:\Beyond_vision\semi_supervised learning GAN\semi_supervised learning GAN\dataset\0.05\labelled_msk\015_positive_01015_1_2024-02-15_11_sagittal.nii
C:\Beyond_vision\semi_supervised learning GAN\semi_supervised learning GAN\dataset\0.05\labelled_img\015_positive_01015_1_2024-02-15_120_coronal.jpg,C:\Beyond_vision\semi_supervised learning GAN\semi_supervised learning GAN\dataset\0.05\labelled_msk\015_positive_01015_1_2024-02-15_120_coronal.nii
C:\Beyond_vision\semi_supervised learning GAN\semi_supervised learning GAN\dataset\0.05\labelled_img\015_positive_01015_1_2024-02-15_120_sagittal.jpg,C:\Beyond_vision\semi_supervised learning GAN\semi_supervised learning GAN\dataset\0.05\labelled_msk\015_positive_01015_1_2024-02-15_120_sagittal.nii
C:\Beyond_vision\semi_supervised learning GAN\semi_supervised learning GAN\dataset\0.05\labelled_img\015_positive_01015_1_2024-02-15_121_coronal.jpg,C:\Beyond_vision\semi_supervised learning GAN\semi_supervised learning GAN\dataset\0.05\labelled_msk\015_positive_01015_1_2024-02-15_121_coronal.nii
C:\Beyond_vision\semi_supervised learning GAN\semi_supervised learning GAN\dataset\0.05\labelled_img\015_positive_01015_1_2024-02-15_121_sagittal.jpg,C:\Beyond_vision\semi_supervised learning GAN\semi_supervised learning GAN\dataset\0.05\labelled_msk\015_positive_01015_1_2024-02-15_121_sagittal.nii
C:\Beyond_vision\semi_supervised learning GAN\semi_supervised learning GAN\dataset\0.05\labelled_img\015_positive_01015_1_2024-02-15_122_coronal.jpg,C:\Beyond_vision\semi_supervised learning GAN\semi_supervised learning GAN\dataset\0.05\labelled_msk\015_positive_01015_1_2024-02-15_122_coronal.nii
C:\Beyond_vision\semi_supervised learning GAN\semi_supervised learning GAN\dataset\0.05\labelled_img\015_positive_01015_1_2024-02-15_122_sagittal.jpg,C:\Beyond_vision\semi_supervised learning GAN\semi_supervised learning GAN\dataset\0.05\labelled_msk\015_positive_01015_1_2024-02-15_122_sagittal.nii
C:\Beyond_vision\semi_supervised learning GAN\semi_supervised learning GAN\dataset\0.05\labelled_img\015_positive_01015_1_2024-02-15_123_coronal.jpg,C:\Beyond_vision\semi_supervised learning GAN\semi_supervised learning GAN\dataset\0.05\labelled_msk\015_positive_01015_1_2024-02-15_123_coronal.nii
C:\Beyond_vision\semi_supervised learning GAN\semi_supervised learning GAN\dataset\0.05\labelled_img\015_positive_01015_1_2024-02-15_123_sagittal.jpg,C:\Beyond_vision\semi_supervised learning GAN\semi_supervised learning GAN\dataset\0.05\labelled_msk\015_positive_01015_1_2024-02-15_123_sagittal.nii
C:\Beyond_vision\semi_supervised learning GAN\semi_supervised learning GAN\dataset\0.05\labelled_img\015_positive_01015_1_2024-02-15_124_coronal.jpg,C:\Beyond_vision\semi_supervised learning GAN\semi_supervised learning GAN\dataset\0.05\labelled_msk\015_positive_01015_1_2024-02-15_124_coronal.nii
C:\Beyond_vision\semi_supervised learning GAN\semi_supervised learning GAN\dataset\0.05\labelled_img\015_positive_01015_1_2024-02-15_124_sagittal.jpg,C:\Beyond_vision\semi_supervised learning GAN\semi_supervised learning GAN\dataset\0.05\labelled_msk\015_positive_01015_1_2024-02-15_124_sagittal.nii
C:\Beyond_vision\semi_supervised learning GAN\semi_supervised learning GAN\dataset\0.05\labelled_img\015_positive_01015_1_2024-02-15_125_coronal.jpg,C:\Beyond_vision\semi_supervised learning GAN\semi_supervised learning GAN\dataset\0.05\labelled_msk\015_positive_01015_1_2024-02-15_125_coronal.nii
C:\Beyond_vision\semi_supervised learning GAN\semi_supervised learning GAN\dataset\0.05\labelled_img\015_positive_01015_1_2024-02-15_125_sagittal.jpg,C:\Beyond_vision\semi_supervised learning GAN\semi_supervised learning GAN\dataset\0.05\labelled_msk\015_positive_01015_1_2024-02-15_125_sagittal.nii
C:\Beyond_vision\semi_supervised learning GAN\semi_supervised learning GAN\dataset\0.05\labelled_img\015_positive_01015_1_2024-02-15_126_coronal.jpg,C:\Beyond_vision\semi_supervised learning GAN\semi_supervised learning GAN\dataset\0.05\labelled_msk\015_positive_01015_1_2024-02-15_126_coronal.nii
C:\Beyond_vision\semi_supervised learning GAN\semi_supervised learning GAN\dataset\0.05\labelled_img\015_positive_01015_1_2024-02-15_126_sagittal.jpg,C:\Beyond_vision\semi_supervised learning GAN\semi_supervised learning GAN\dataset\0.05\labelled_msk\015_positive_01015_1_2024-02-15_126_sagittal.nii
C:\Beyond_vision\semi_supervised learning GAN\semi_supervised learning GAN\dataset\0.05\labelled_img\015_positive_01015_1_2024-02-15_12_coronal.jpg,C:\Beyond_vision\semi_supervised learning GAN\semi_supervised learning GAN\dataset\0.05\labelled_msk\015_positive_01015_1_2024-02-15_12_coronal.nii
C:\Beyond_vision\semi_supervised learning GAN\semi_supervised learning GAN\dataset\0.05\labelled_img\015_positive_01015_1_2024-02-15_12_sagittal.jpg,C:\Beyond_vision\semi_supervised learning GAN\semi_supervised learning GAN\dataset\0.05\labelled_msk\015_positive_01015_1_2024-02-15_12_sagittal.nii
C:\Beyond_vision\semi_supervised learning GAN\semi_supervised learning GAN\dataset\0.05\labelled_img\015_positive_01015_1_2024-02-15_13_coronal.jpg,C:\Beyond_vision\semi_supervised learning GAN\semi_supervised learning GAN\dataset\0.05\labelled_msk\015_positive_01015_1_2024-02-15_13_coronal.nii
C:\Beyond_vision\semi_supervised learning GAN\semi_supervised learning GAN\dataset\0.05\labelled_img\015_positive_01015_1_2024-02-15_13_sagittal.jpg,C:\Beyond_vision\semi_supervised learning GAN\semi_supervised learning GAN\dataset\0.05\labelled_msk\015_positive_01015_1_2024-02-15_13_sagittal.nii
C:\Beyond_vision\semi_supervised learning GAN\semi_supervised learning GAN\dataset\0.05\labelled_img\015_positive_01015_1_2024-02-15_14_coronal.jpg,C:\Beyond_vision\semi_supervised learning GAN\semi_supervised learning GAN\dataset\0.05\labelled_msk\015_positive_01015_1_2024-02-15_14_coronal.nii
C:\Beyond_vision\semi_supervised learning GAN\semi_supervised learning GAN\dataset\0.05\labelled_img\015_positive_01015_1_2024-02-15_14_sagittal.jpg,C:\Beyond_vision\semi_supervised learning GAN\semi_supervised learning GAN\dataset\0.05\labelled_msk\015_positive_01015_1_2024-02-15_14_sagittal.nii
C:\Beyond_vision\semi_supervised learning GAN\semi_supervised learning GAN\dataset\0.05\labelled_img\015_positive_01015_1_2024-02-15_15_coronal.jpg,C:\Beyond_vision\semi_supervised learning GAN\semi_supervised learning GAN\dataset\0.05\labelled_msk\015_positive_01015_1_2024-02-15_15_coronal.nii
C:\Beyond_vision\semi_supervised learning GAN\semi_supervised learning GAN\dataset\0.05\labelled_img\015_positive_01015_1_2024-02-15_15_sagittal.jpg,C:\Beyond_vision\semi_supervised learning GAN\semi_supervised learning GAN\dataset\0.05\labelled_msk\015_positive_01015_1_2024-02-15_15_sagittal.nii
C:\Beyond_vision\semi_supervised learning GAN\semi_supervised learning GAN\dataset\0.05\labelled_img\015_positive_01015_1_2024-02-15_16_coronal.jpg,C:\Beyond_vision\semi_supervised learning GAN\semi_supervised learning GAN\dataset\0.05\labelled_msk\015_positive_01015_1_2024-02-15_16_coronal.nii
C:\Beyond_vision\semi_supervised learning GAN\semi_supervised learning GAN\dataset\0.05\labelled_img\015_positive_01015_1_2024-02-15_16_sagittal.jpg,C:\Beyond_vision\semi_supervised learning GAN\semi_supervised learning GAN\dataset\0.05\labelled_msk\015_positive_01015_1_2024-02-15_16_sagittal.nii
C:\Beyond_vision\semi_supervised learning GAN\semi_supervised learning GAN\dataset\0.05\labelled_img\015_positive_01015_1_2024-02-15_17_coronal.jpg,C:\Beyond_vision\semi_supervised learning GAN\semi_supervised learning GAN\dataset\0.05\labelled_msk\015_positive_01015_1_2024-02-15_17_coronal.nii
C:\Beyond_vision\semi_supervised learning GAN\semi_supervised learning GAN\dataset\0.05\labelled_img\015_positive_01015_1_2024-02-15_17_sagittal.jpg,C:\Beyond_vision\semi_supervised learning GAN\semi_supervised learning GAN\dataset\0.05\labelled_msk\015_positive_01015_1_2024-02-15_17_sagittal.nii
C:\Beyond_vision\semi_supervised learning GAN\semi_supervised learning GAN\dataset\0.05\labelled_img\015_positive_01015_1_2024-02-15_18_coronal.jpg,C:\Beyond_vision\semi_supervised learning GAN\semi_supervised learning GAN\dataset\0.05\labelled_msk\015_positive_01015_1_2024-02-15_18_coronal.nii
C:\Beyond_vision\semi_supervised learning GAN\semi_supervised learning GAN\dataset\0.05\labelled_img\015_positive_01015_1_2024-02-15_18_sagittal.jpg,C:\Beyond_vision\semi_supervised learning GAN\semi_supervised learning GAN\dataset\0.05\labelled_msk\015_positive_01015_1_2024-02-15_18_sagittal.nii
C:\Beyond_vision\semi_supervised learning GAN\semi_supervised learning GAN\dataset\0.05\labelled_img\015_positive_01015_1_2024-02-15_19_coronal.jpg,C:\Beyond_vision\semi_supervised learning GAN\semi_supervised learning GAN\dataset\0.05\labelled_msk\015_positive_01015_1_2024-02-15_19_coronal.nii
C:\Beyond_vision\semi_supervised learning GAN\semi_supervised learning GAN\dataset\0.05\labelled_img\015_positive_01015_1_2024-02-15_19_sagittal.jpg,C:\Beyond_vision\semi_supervised learning GAN\semi_supervised learning GAN\dataset\0.05\labelled_msk\015_positive_01015_1_2024-02-15_19_sagittal.nii
C:\Beyond_vision\semi_supervised learning GAN\semi_supervised learning GAN\dataset\0.05\labelled_img\015_positive_01015_1_2024-02-15_1_coronal.jpg,C:\Beyond_vision\semi_supervised learning GAN\semi_supervised learning GAN\dataset\0.05\labelled_msk\015_positive_01015_1_2024-02-15_1_coronal.nii
C:\Beyond_vision\semi_supervised learning GAN\semi_supervised learning GAN\dataset\0.05\labelled_img\015_positive_01015_1_2024-02-15_1_sagittal.jpg,C:\Beyond_vision\semi_supervised learning GAN\semi_supervised learning GAN\dataset\0.05\labelled_msk\015_positive_01015_1_2024-02-15_1_sagittal.nii
C:\Beyond_vision\semi_supervised learning GAN\semi_supervised learning GAN\dataset\0.05\labelled_img\015_positive_01015_1_2024-02-15_20_coronal.jpg,C:\Beyond_vision\semi_supervised learning GAN\semi_supervised learning GAN\dataset\0.05\labelled_msk\015_positive_01015_1_2024-02-15_20_coronal.nii
C:\Beyond_vision\semi_supervised learning GAN\semi_supervised learning GAN\dataset\0.05\labelled_img\015_positive_01015_1_2024-02-15_20_sagittal.jpg,C:\Beyond_vision\semi_supervised learning GAN\semi_supervised learning GAN\dataset\0.05\labelled_msk\015_positive_01015_1_2024-02-15_20_sagittal.nii
C:\Beyond_vision\semi_supervised learning GAN\semi_supervised learning GAN\dataset\0.05\labelled_img\015_positive_01015_1_2024-02-15_21_coronal.jpg,C:\Beyond_vision\semi_supervised learning GAN\semi_supervised learning GAN\dataset\0.05\labelled_msk\015_positive_01015_1_2024-02-15_21_coronal.nii
C:\Beyond_vision\semi_supervised learning GAN\semi_supervised learning GAN\dataset\0.05\labelled_img\015_positive_01015_1_2024-02-15_21_sagittal.jpg,C:\Beyond_vision\semi_supervised learning GAN\semi_supervised learning GAN\dataset\0.05\labelled_msk\015_positive_01015_1_2024-02-15_21_sagittal.nii
C:\Beyond_vision\semi_supervised learning GAN\semi_supervised learning GAN\dataset\0.05\labelled_img\015_positive_01015_1_2024-02-15_22_coronal.jpg,C:\Beyond_vision\semi_supervised learning GAN\semi_supervised learning GAN\dataset\0.05\labelled_msk\015_positive_01015_1_2024-02-15_22_coronal.nii
C:\Beyond_vision\semi_supervised learning GAN\semi_supervised learning GAN\dataset\0.05\labelled_img\015_positive_01015_1_2024-02-15_22_sagittal.jpg,C:\Beyond_vision\semi_supervised learning GAN\semi_supervised learning GAN\dataset\0.05\labelled_msk\015_positive_01015_1_2024-02-15_22_sagittal.nii
C:\Beyond_vision\semi_supervised learning GAN\semi_supervised learning GAN\dataset\0.05\labelled_img\015_positive_01015_1_2024-02-15_23_coronal.jpg,C:\Beyond_vision\semi_supervised learning GAN\semi_supervised learning GAN\dataset\0.05\labelled_msk\015_positive_01015_1_2024-02-15_23_coronal.nii
C:\Beyond_vision\semi_supervised learning GAN\semi_supervised learning GAN\dataset\0.05\labelled_img\015_positive_01015_1_2024-02-15_23_sagittal.jpg,C:\Beyond_vision\semi_supervised learning GAN\semi_supervised learning GAN\dataset\0.05\labelled_msk\015_positive_01015_1_2024-02-15_23_sagittal.nii
C:\Beyond_vision\semi_supervised learning GAN\semi_supervised learning GAN\dataset\0.05\labelled_img\015_positive_01015_1_2024-02-15_24_coronal.jpg,C:\Beyond_vision\semi_supervised learning GAN\semi_supervised learning GAN\dataset\0.05\labelled_msk\015_positive_01015_1_2024-02-15_24_coronal.nii
C:\Beyond_vision\semi_supervised learning GAN\semi_supervised learning GAN\dataset\0.05\labelled_img\015_positive_01015_1_2024-02-15_24_sagittal.jpg,C:\Beyond_vision\semi_supervised learning GAN\semi_supervised learning GAN\dataset\0.05\labelled_msk\015_positive_01015_1_2024-02-15_24_sagittal.nii
C:\Beyond_vision\semi_supervised learning GAN\semi_supervised learning GAN\dataset\0.05\labelled_img\015_positive_01015_1_2024-02-15_25_coronal.jpg,C:\Beyond_vision\semi_supervised learning GAN\semi_supervised learning GAN\dataset\0.05\labelled_msk\015_positive_01015_1_2024-02-15_25_coronal.nii
C:\Beyond_vision\semi_supervised learning GAN\semi_supervised learning GAN\dataset\0.05\labelled_img\015_positive_01015_1_2024-02-15_25_sagittal.jpg,C:\Beyond_vision\semi_supervised learning GAN\semi_supervised learning GAN\dataset\0.05\labelled_msk\015_positive_01015_1_2024-02-15_25_sagittal.nii
C:\Beyond_vision\semi_supervised learning GAN\semi_supervised learning GAN\dataset\0.05\labelled_img\015_positive_01015_1_2024-02-15_26_coronal.jpg,C:\Beyond_vision\semi_supervised learning GAN\semi_supervised learning GAN\dataset\0.05\labelled_msk\015_positive_01015_1_2024-02-15_26_coronal.nii
C:\Beyond_vision\semi_supervised learning GAN\semi_supervised learning GAN\dataset\0.05\labelled_img\015_positive_01015_1_2024-02-15_26_sagittal.jpg,C:\Beyond_vision\semi_supervised learning GAN\semi_supervised learning GAN\dataset\0.05\labelled_msk\015_positive_01015_1_2024-02-15_26_sagittal.nii
C:\Beyond_vision\semi_supervised learning GAN\semi_supervised learning GAN\dataset\0.05\labelled_img\015_positive_01015_1_2024-02-15_27_coronal.jpg,C:\Beyond_vision\semi_supervised learning GAN\semi_supervised learning GAN\dataset\0.05\labelled_msk\015_positive_01015_1_2024-02-15_27_coronal.nii
C:\Beyond_vision\semi_supervised learning GAN\semi_supervised learning GAN\dataset\0.05\labelled_img\015_positive_01015_1_2024-02-15_27_sagittal.jpg,C:\Beyond_vision\semi_supervised learning GAN\semi_supervised learning GAN\dataset\0.05\labelled_msk\015_positive_01015_1_2024-02-15_27_sagittal.nii
C:\Beyond_vision\semi_supervised learning GAN\semi_supervised learning GAN\dataset\0.05\labelled_img\015_positive_01015_1_2024-02-15_28_coronal.jpg,C:\Beyond_vision\semi_supervised learning GAN\semi_supervised learning GAN\dataset\0.05\labelled_msk\015_positive_01015_1_2024-02-15_28_coronal.nii
C:\Beyond_vision\semi_supervised learning GAN\semi_supervised learning GAN\dataset\0.05\labelled_img\015_positive_01015_1_2024-02-15_28_sagittal.jpg,C:\Beyond_vision\semi_supervised learning GAN\semi_supervised learning GAN\dataset\0.05\labelled_msk\015_positive_01015_1_2024-02-15_28_sagittal.nii
C:\Beyond_vision\semi_supervised learning GAN\semi_supervised learning GAN\dataset\0.05\labelled_img\015_positive_01015_1_2024-02-15_29_coronal.jpg,C:\Beyond_vision\semi_supervised learning GAN\semi_supervised learning GAN\dataset\0.05\labelled_msk\015_positive_01015_1_2024-02-15_29_coronal.nii
C:\Beyond_vision\semi_supervised learning GAN\semi_supervised learning GAN\dataset\0.05\labelled_img\015_positive_01015_1_2024-02-15_29_sagittal.jpg,C:\Beyond_vision\semi_supervised learning GAN\semi_supervised learning GAN\dataset\0.05\labelled_msk\015_positive_01015_1_2024-02-15_29_sagittal.nii
C:\Beyond_vision\semi_supervised learning GAN\semi_supervised learning GAN\dataset\0.05\labelled_img\015_positive_01015_1_2024-02-15_2_coronal.jpg,C:\Beyond_vision\semi_supervised learning GAN\semi_supervised learning GAN\dataset\0.05\labelled_msk\015_positive_01015_1_2024-02-15_2_coronal.nii
C:\Beyond_vision\semi_supervised learning GAN\semi_supervised learning GAN\dataset\0.05\labelled_img\015_positive_01015_1_2024-02-15_2_sagittal.jpg,C:\Beyond_vision\semi_supervised learning GAN\semi_supervised learning GAN\dataset\0.05\labelled_msk\015_positive_01015_1_2024-02-15_2_sagittal.nii
C:\Beyond_vision\semi_supervised learning GAN\semi_supervised learning GAN\dataset\0.05\labelled_img\015_positive_01015_1_2024-02-15_30_coronal.jpg,C:\Beyond_vision\semi_supervised learning GAN\semi_supervised learning GAN\dataset\0.05\labelled_msk\015_positive_01015_1_2024-02-15_30_coronal.nii
C:\Beyond_vision\semi_supervised learning GAN\semi_supervised learning GAN\dataset\0.05\labelled_img\015_positive_01015_1_2024-02-15_30_sagittal.jpg,C:\Beyond_vision\semi_supervised learning GAN\semi_supervised learning GAN\dataset\0.05\labelled_msk\015_positive_01015_1_2024-02-15_30_sagittal.nii
C:\Beyond_vision\semi_supervised learning GAN\semi_supervised learning GAN\dataset\0.05\labelled_img\015_positive_01015_1_2024-02-15_31_coronal.jpg,C:\Beyond_vision\semi_supervised learning GAN\semi_supervised learning GAN\dataset\0.05\labelled_msk\015_positive_01015_1_2024-02-15_31_coronal.nii
C:\Beyond_vision\semi_supervised learning GAN\semi_supervised learning GAN\dataset\0.05\labelled_img\015_positive_01015_1_2024-02-15_31_sagittal.jpg,C:\Beyond_vision\semi_supervised learning GAN\semi_supervised learning GAN\dataset\0.05\labelled_msk\015_positive_01015_1_2024-02-15_31_sagittal.nii
C:\Beyond_vision\semi_supervised learning GAN\semi_supervised learning GAN\dataset\0.05\labelled_img\015_positive_01015_1_2024-02-15_32_coronal.jpg,C:\Beyond_vision\semi_supervised learning GAN\semi_supervised learning GAN\dataset\0.05\labelled_msk\015_positive_01015_1_2024-02-15_32_coronal.nii
C:\Beyond_vision\semi_supervised learning GAN\semi_supervised learning GAN\dataset\0.05\labelled_img\015_positive_01015_1_2024-02-15_32_sagittal.jpg,C:\Beyond_vision\semi_supervised learning GAN\semi_supervised learning GAN\dataset\0.05\labelled_msk\015_positive_01015_1_2024-02-15_32_sagittal.nii
C:\Beyond_vision\semi_supervised learning GAN\semi_supervised learning GAN\dataset\0.05\labelled_img\015_positive_01015_1_2024-02-15_33_coronal.jpg,C:\Beyond_vision\semi_supervised learning GAN\semi_supervised learning GAN\dataset\0.05\labelled_msk\015_positive_01015_1_2024-02-15_33_coronal.nii
C:\Beyond_vision\semi_supervised learning GAN\semi_supervised learning GAN\dataset\0.05\labelled_img\015_positive_01015_1_2024-02-15_33_sagittal.jpg,C:\Beyond_vision\semi_supervised learning GAN\semi_supervised learning GAN\dataset\0.05\labelled_msk\015_positive_01015_1_2024-02-15_33_sagittal.nii
C:\Beyond_vision\semi_supervised learning GAN\semi_supervised learning GAN\dataset\0.05\labelled_img\015_positive_01015_1_2024-02-15_34_coronal.jpg,C:\Beyond_vision\semi_supervised learning GAN\semi_supervised learning GAN\dataset\0.05\labelled_msk\015_positive_01015_1_2024-02-15_34_coronal.nii
C:\Beyond_vision\semi_supervised learning GAN\semi_supervised learning GAN\dataset\0.05\labelled_img\015_positive_01015_1_2024-02-15_34_sagittal.jpg,C:\Beyond_vision\semi_supervised learning GAN\semi_supervised learning GAN\dataset\0.05\labelled_msk\015_positive_01015_1_2024-02-15_34_sagittal.nii
C:\Beyond_vision\semi_supervised learning GAN\semi_supervised learning GAN\dataset\0.05\labelled_img\015_positive_01015_1_2024-02-15_35_coronal.jpg,C:\Beyond_vision\semi_supervised learning GAN\semi_supervised learning GAN\dataset\0.05\labelled_msk\015_positive_01015_1_2024-02-15_35_coronal.nii
C:\Beyond_vision\semi_supervised learning GAN\semi_supervised learning GAN\dataset\0.05\labelled_img\015_positive_01015_1_2024-02-15_35_sagittal.jpg,C:\Beyond_vision\semi_supervised learning GAN\semi_supervised learning GAN\dataset\0.05\labelled_msk\015_positive_01015_1_2024-02-15_35_sagittal.nii
C:\Beyond_vision\semi_supervised learning GAN\semi_supervised learning GAN\dataset\0.05\labelled_img\015_positive_01015_1_2024-02-15_36_coronal.jpg,C:\Beyond_vision\semi_supervised learning GAN\semi_supervised learning GAN\dataset\0.05\labelled_msk\015_positive_01015_1_2024-02-15_36_coronal.nii
C:\Beyond_vision\semi_supervised learning GAN\semi_supervised learning GAN\dataset\0.05\labelled_img\015_positive_01015_1_2024-02-15_36_sagittal.jpg,C:\Beyond_vision\semi_supervised learning GAN\semi_supervised learning GAN\dataset\0.05\labelled_msk\015_positive_01015_1_2024-02-15_36_sagittal.nii
C:\Beyond_vision\semi_supervised learning GAN\semi_supervised learning GAN\dataset\0.05\labelled_img\015_positive_01015_1_2024-02-15_37_coronal.jpg,C:\Beyond_vision\semi_supervised learning GAN\semi_supervised learning GAN\dataset\0.05\labelled_msk\015_positive_01015_1_2024-02-15_37_coronal.nii
C:\Beyond_vision\semi_supervised learning GAN\semi_supervised learning GAN\dataset\0.05\labelled_img\015_positive_01015_1_2024-02-15_37_sagittal.jpg,C:\Beyond_vision\semi_supervised learning GAN\semi_supervised learning GAN\dataset\0.05\labelled_msk\015_positive_01015_1_2024-02-15_37_sagittal.nii
C:\Beyond_vision\semi_supervised learning GAN\semi_supervised learning GAN\dataset\0.05\labelled_img\015_positive_01015_1_2024-02-15_38_coronal.jpg,C:\Beyond_vision\semi_supervised learning GAN\semi_supervised learning GAN\dataset\0.05\labelled_msk\015_positive_01015_1_2024-02-15_38_coronal.nii
C:\Beyond_vision\semi_supervised learning GAN\semi_supervised learning GAN\dataset\0.05\labelled_img\015_positive_01015_1_2024-02-15_38_sagittal.jpg,C:\Beyond_vision\semi_supervised learning GAN\semi_supervised learning GAN\dataset\0.05\labelled_msk\015_positive_01015_1_2024-02-15_38_sagittal.nii
C:\Beyond_vision\semi_supervised learning GAN\semi_supervised learning GAN\dataset\0.05\labelled_img\015_positive_01015_1_2024-02-15_39_coronal.jpg,C:\Beyond_vision\semi_supervised learning GAN\semi_supervised learning GAN\dataset\0.05\labelled_msk\015_positive_01015_1_2024-02-15_39_coronal.nii
C:\Beyond_vision\semi_supervised learning GAN\semi_supervised learning GAN\dataset\0.05\labelled_img\015_positive_01015_1_2024-02-15_39_sagittal.jpg,C:\Beyond_vision\semi_supervised learning GAN\semi_supervised learning GAN\dataset\0.05\labelled_msk\015_positive_01015_1_2024-02-15_39_sagittal.nii
C:\Beyond_vision\semi_supervised learning GAN\semi_supervised learning GAN\dataset\0.05\labelled_img\015_positive_01015_1_2024-02-15_3_coronal.jpg,C:\Beyond_vision\semi_supervised learning GAN\semi_supervised learning GAN\dataset\0.05\labelled_msk\015_positive_01015_1_2024-02-15_3_coronal.nii
C:\Beyond_vision\semi_supervised learning GAN\semi_supervised learning GAN\dataset\0.05\labelled_img\015_positive_01015_1_2024-02-15_3_sagittal.jpg,C:\Beyond_vision\semi_supervised learning GAN\semi_supervised learning GAN\dataset\0.05\labelled_msk\015_positive_01015_1_2024-02-15_3_sagittal.nii
C:\Beyond_vision\semi_supervised learning GAN\semi_supervised learning GAN\dataset\0.05\labelled_img\015_positive_01015_1_2024-02-15_40_coronal.jpg,C:\Beyond_vision\semi_supervised learning GAN\semi_supervised learning GAN\dataset\0.05\labelled_msk\015_positive_01015_1_2024-02-15_40_coronal.nii
C:\Beyond_vision\semi_supervised learning GAN\semi_supervised learning GAN\dataset\0.05\labelled_img\015_positive_01015_1_2024-02-15_40_sagittal.jpg,C:\Beyond_vision\semi_supervised learning GAN\semi_supervised learning GAN\dataset\0.05\labelled_msk\015_positive_01015_1_2024-02-15_40_sagittal.nii
C:\Beyond_vision\semi_supervised learning GAN\semi_supervised learning GAN\dataset\0.05\labelled_img\015_positive_01015_1_2024-02-15_41_coronal.jpg,C:\Beyond_vision\semi_supervised learning GAN\semi_supervised learning GAN\dataset\0.05\labelled_msk\015_positive_01015_1_2024-02-15_41_coronal.nii
C:\Beyond_vision\semi_supervised learning GAN\semi_supervised learning GAN\dataset\0.05\labelled_img\015_positive_01015_1_2024-02-15_41_sagittal.jpg,C:\Beyond_vision\semi_supervised learning GAN\semi_supervised learning GAN\dataset\0.05\labelled_msk\015_positive_01015_1_2024-02-15_41_sagittal.nii
C:\Beyond_vision\semi_supervised learning GAN\semi_supervised learning GAN\dataset\0.05\labelled_img\015_positive_01015_1_2024-02-15_42_coronal.jpg,C:\Beyond_vision\semi_supervised learning GAN\semi_supervised learning GAN\dataset\0.05\labelled_msk\015_positive_01015_1_2024-02-15_42_coronal.nii
C:\Beyond_vision\semi_supervised learning GAN\semi_supervised learning GAN\dataset\0.05\labelled_img\015_positive_01015_1_2024-02-15_42_sagittal.jpg,C:\Beyond_vision\semi_supervised learning GAN\semi_supervised learning GAN\dataset\0.05\labelled_msk\015_positive_01015_1_2024-02-15_42_sagittal.nii
C:\Beyond_vision\semi_supervised learning GAN\semi_supervised learning GAN\dataset\0.05\labelled_img\015_positive_01015_1_2024-02-15_43_coronal.jpg,C:\Beyond_vision\semi_supervised learning GAN\semi_supervised learning GAN\dataset\0.05\labelled_msk\015_positive_01015_1_2024-02-15_43_coronal.nii
C:\Beyond_vision\semi_supervised learning GAN\semi_supervised learning GAN\dataset\0.05\labelled_img\015_positive_01015_1_2024-02-15_43_sagittal.jpg,C:\Beyond_vision\semi_supervised learning GAN\semi_supervised learning GAN\dataset\0.05\labelled_msk\015_positive_01015_1_2024-02-15_43_sagittal.nii
C:\Beyond_vision\semi_supervised learning GAN\semi_supervised learning GAN\dataset\0.05\labelled_img\015_positive_01015_1_2024-02-15_44_coronal.jpg,C:\Beyond_vision\semi_supervised learning GAN\semi_supervised learning GAN\dataset\0.05\labelled_msk\015_positive_01015_1_2024-02-15_44_coronal.nii
C:\Beyond_vision\semi_supervised learning GAN\semi_supervised learning GAN\dataset\0.05\labelled_img\015_positive_01015_1_2024-02-15_44_sagittal.jpg,C:\Beyond_vision\semi_supervised learning GAN\semi_supervised learning GAN\dataset\0.05\labelled_msk\015_positive_01015_1_2024-02-15_44_sagittal.nii
C:\Beyond_vision\semi_supervised learning GAN\semi_supervised learning GAN\dataset\0.05\labelled_img\015_positive_01015_1_2024-02-15_45_coronal.jpg,C:\Beyond_vision\semi_supervised learning GAN\semi_supervised learning GAN\dataset\0.05\labelled_msk\015_positive_01015_1_2024-02-15_45_coronal.nii
C:\Beyond_vision\semi_supervised learning GAN\semi_supervised learning GAN\dataset\0.05\labelled_img\015_positive_01015_1_2024-02-15_45_sagittal.jpg,C:\Beyond_vision\semi_supervised learning GAN\semi_supervised learning GAN\dataset\0.05\labelled_msk\015_positive_01015_1_2024-02-15_45_sagittal.nii
C:\Beyond_vision\semi_supervised learning GAN\semi_supervised learning GAN\dataset\0.05\labelled_img\015_positive_01015_1_2024-02-15_46_coronal.jpg,C:\Beyond_vision\semi_supervised learning GAN\semi_supervised learning GAN\dataset\0.05\labelled_msk\015_positive_01015_1_2024-02-15_46_coronal.nii
C:\Beyond_vision\semi_supervised learning GAN\semi_supervised learning GAN\dataset\0.05\labelled_img\015_positive_01015_1_2024-02-15_46_sagittal.jpg,C:\Beyond_vision\semi_supervised learning GAN\semi_supervised learning GAN\dataset\0.05\labelled_msk\015_positive_01015_1_2024-02-15_46_sagittal.nii
C:\Beyond_vision\semi_supervised learning GAN\semi_supervised learning GAN\dataset\0.05\labelled_img\015_positive_01015_1_2024-02-15_47_coronal.jpg,C:\Beyond_vision\semi_supervised learning GAN\semi_supervised learning GAN\dataset\0.05\labelled_msk\015_positive_01015_1_2024-02-15_47_coronal.nii
C:\Beyond_vision\semi_supervised learning GAN\semi_supervised learning GAN\dataset\0.05\labelled_img\015_positive_01015_1_2024-02-15_47_sagittal.jpg,C:\Beyond_vision\semi_supervised learning GAN\semi_supervised learning GAN\dataset\0.05\labelled_msk\015_positive_01015_1_2024-02-15_47_sagittal.nii
C:\Beyond_vision\semi_supervised learning GAN\semi_supervised learning GAN\dataset\0.05\labelled_img\015_positive_01015_1_2024-02-15_48_coronal.jpg,C:\Beyond_vision\semi_supervised learning GAN\semi_supervised learning GAN\dataset\0.05\labelled_msk\015_positive_01015_1_2024-02-15_48_coronal.nii
C:\Beyond_vision\semi_supervised learning GAN\semi_supervised learning GAN\dataset\0.05\labelled_img\015_positive_01015_1_2024-02-15_48_sagittal.jpg,C:\Beyond_vision\semi_supervised learning GAN\semi_supervised learning GAN\dataset\0.05\labelled_msk\015_positive_01015_1_2024-02-15_48_sagittal.nii
C:\Beyond_vision\semi_supervised learning GAN\semi_supervised learning GAN\dataset\0.05\labelled_img\015_positive_01015_1_2024-02-15_49_coronal.jpg,C:\Beyond_vision\semi_supervised learning GAN\semi_supervised learning GAN\dataset\0.05\labelled_msk\015_positive_01015_1_2024-02-15_49_coronal.nii
C:\Beyond_vision\semi_supervised learning GAN\semi_supervised learning GAN\dataset\0.05\labelled_img\015_positive_01015_1_2024-02-15_49_sagittal.jpg,C:\Beyond_vision\semi_supervised learning GAN\semi_supervised learning GAN\dataset\0.05\labelled_msk\015_positive_01015_1_2024-02-15_49_sagittal.nii
C:\Beyond_vision\semi_supervised learning GAN\semi_supervised learning GAN\dataset\0.05\labelled_img\015_positive_01015_1_2024-02-15_4_coronal.jpg,C:\Beyond_vision\semi_supervised learning GAN\semi_supervised learning GAN\dataset\0.05\labelled_msk\015_positive_01015_1_2024-02-15_4_coronal.nii
C:\Beyond_vision\semi_supervised learning GAN\semi_supervised learning GAN\dataset\0.05\labelled_img\015_positive_01015_1_2024-02-15_4_sagittal.jpg,C:\Beyond_vision\semi_supervised learning GAN\semi_supervised learning GAN\dataset\0.05\labelled_msk\015_positive_01015_1_2024-02-15_4_sagittal.nii
C:\Beyond_vision\semi_supervised learning GAN\semi_supervised learning GAN\dataset\0.05\labelled_img\015_positive_01015_1_2024-02-15_50_coronal.jpg,C:\Beyond_vision\semi_supervised learning GAN\semi_supervised learning GAN\dataset\0.05\labelled_msk\015_positive_01015_1_2024-02-15_50_coronal.nii
C:\Beyond_vision\semi_supervised learning GAN\semi_supervised learning GAN\dataset\0.05\labelled_img\015_positive_01015_1_2024-02-15_50_sagittal.jpg,C:\Beyond_vision\semi_supervised learning GAN\semi_supervised learning GAN\dataset\0.05\labelled_msk\015_positive_01015_1_2024-02-15_50_sagittal.nii
C:\Beyond_vision\semi_supervised learning GAN\semi_supervised learning GAN\dataset\0.05\labelled_img\015_positive_01015_1_2024-02-15_51_coronal.jpg,C:\Beyond_vision\semi_supervised learning GAN\semi_supervised learning GAN\dataset\0.05\labelled_msk\015_positive_01015_1_2024-02-15_51_coronal.nii
C:\Beyond_vision\semi_supervised learning GAN\semi_supervised learning GAN\dataset\0.05\labelled_img\015_positive_01015_1_2024-02-15_51_sagittal.jpg,C:\Beyond_vision\semi_supervised learning GAN\semi_supervised learning GAN\dataset\0.05\labelled_msk\015_positive_01015_1_2024-02-15_51_sagittal.nii
C:\Beyond_vision\semi_supervised learning GAN\semi_supervised learning GAN\dataset\0.05\labelled_img\015_positive_01015_1_2024-02-15_52_coronal.jpg,C:\Beyond_vision\semi_supervised learning GAN\semi_supervised learning GAN\dataset\0.05\labelled_msk\015_positive_01015_1_2024-02-15_52_coronal.nii
C:\Beyond_vision\semi_supervised learning GAN\semi_supervised learning GAN\dataset\0.05\labelled_img\015_positive_01015_1_2024-02-15_52_sagittal.jpg,C:\Beyond_vision\semi_supervised learning GAN\semi_supervised learning GAN\dataset\0.05\labelled_msk\015_positive_01015_1_2024-02-15_52_sagittal.nii
C:\Beyond_vision\semi_supervised learning GAN\semi_supervised learning GAN\dataset\0.05\labelled_img\015_positive_01015_1_2024-02-15_53_coronal.jpg,C:\Beyond_vision\semi_supervised learning GAN\semi_supervised learning GAN\dataset\0.05\labelled_msk\015_positive_01015_1_2024-02-15_53_coronal.nii
C:\Beyond_vision\semi_supervised learning GAN\semi_supervised learning GAN\dataset\0.05\labelled_img\015_positive_01015_1_2024-02-15_53_sagittal.jpg,C:\Beyond_vision\semi_supervised learning GAN\semi_supervised learning GAN\dataset\0.05\labelled_msk\015_positive_01015_1_2024-02-15_53_sagittal.nii
C:\Beyond_vision\semi_supervised learning GAN\semi_supervised learning GAN\dataset\0.05\labelled_img\015_positive_01015_1_2024-02-15_54_coronal.jpg,C:\Beyond_vision\semi_supervised learning GAN\semi_supervised learning GAN\dataset\0.05\labelled_msk\015_positive_01015_1_2024-02-15_54_coronal.nii
C:\Beyond_vision\semi_supervised learning GAN\semi_supervised learning GAN\dataset\0.05\labelled_img\015_positive_01015_1_2024-02-15_54_sagittal.jpg,C:\Beyond_vision\semi_supervised learning GAN\semi_supervised learning GAN\dataset\0.05\labelled_msk\015_positive_01015_1_2024-02-15_54_sagittal.nii
C:\Beyond_vision\semi_supervised learning GAN\semi_supervised learning GAN\dataset\0.05\labelled_img\015_positive_01015_1_2024-02-15_55_coronal.jpg,C:\Beyond_vision\semi_supervised learning GAN\semi_supervised learning GAN\dataset\0.05\labelled_msk\015_positive_01015_1_2024-02-15_55_coronal.nii
C:\Beyond_vision\semi_supervised learning GAN\semi_supervised learning GAN\dataset\0.05\labelled_img\015_positive_01015_1_2024-02-15_55_sagittal.jpg,C:\Beyond_vision\semi_supervised learning GAN\semi_supervised learning GAN\dataset\0.05\labelled_msk\015_positive_01015_1_2024-02-15_55_sagittal.nii
C:\Beyond_vision\semi_supervised learning GAN\semi_supervised learning GAN\dataset\0.05\labelled_img\015_positive_01015_1_2024-02-15_56_coronal.jpg,C:\Beyond_vision\semi_supervised learning GAN\semi_supervised learning GAN\dataset\0.05\labelled_msk\015_positive_01015_1_2024-02-15_56_coronal.nii
C:\Beyond_vision\semi_supervised learning GAN\semi_supervised learning GAN\dataset\0.05\labelled_img\015_positive_01015_1_2024-02-15_56_sagittal.jpg,C:\Beyond_vision\semi_supervised learning GAN\semi_supervised learning GAN\dataset\0.05\labelled_msk\015_positive_01015_1_2024-02-15_56_sagittal.nii
C:\Beyond_vision\semi_supervised learning GAN\semi_supervised learning GAN\dataset\0.05\labelled_img\015_positive_01015_1_2024-02-15_57_coronal.jpg,C:\Beyond_vision\semi_supervised learning GAN\semi_supervised learning GAN\dataset\0.05\labelled_msk\015_positive_01015_1_2024-02-15_57_coronal.nii
C:\Beyond_vision\semi_supervised learning GAN\semi_supervised learning GAN\dataset\0.05\labelled_img\015_positive_01015_1_2024-02-15_57_sagittal.jpg,C:\Beyond_vision\semi_supervised learning GAN\semi_supervised learning GAN\dataset\0.05\labelled_msk\015_positive_01015_1_2024-02-15_57_sagittal.nii
C:\Beyond_vision\semi_supervised learning GAN\semi_supervised learning GAN\dataset\0.05\labelled_img\015_positive_01015_1_2024-02-15_58_coronal.jpg,C:\Beyond_vision\semi_supervised learning GAN\semi_supervised learning GAN\dataset\0.05\labelled_msk\015_positive_01015_1_2024-02-15_58_coronal.nii
C:\Beyond_vision\semi_supervised learning GAN\semi_supervised learning GAN\dataset\0.05\labelled_img\015_positive_01015_1_2024-02-15_58_sagittal.jpg,C:\Beyond_vision\semi_supervised learning GAN\semi_supervised learning GAN\dataset\0.05\labelled_msk\015_positive_01015_1_2024-02-15_58_sagittal.nii
C:\Beyond_vision\semi_supervised learning GAN\semi_supervised learning GAN\dataset\0.05\labelled_img\015_positive_01015_1_2024-02-15_59_coronal.jpg,C:\Beyond_vision\semi_supervised learning GAN\semi_supervised learning GAN\dataset\0.05\labelled_msk\015_positive_01015_1_2024-02-15_59_coronal.nii
C:\Beyond_vision\semi_supervised learning GAN\semi_supervised learning GAN\dataset\0.05\labelled_img\015_positive_01015_1_2024-02-15_59_sagittal.jpg,C:\Beyond_vision\semi_supervised learning GAN\semi_supervised learning GAN\dataset\0.05\labelled_msk\015_positive_01015_1_2024-02-15_59_sagittal.nii
C:\Beyond_vision\semi_supervised learning GAN\semi_supervised learning GAN\dataset\0.05\labelled_img\015_positive_01015_1_2024-02-15_5_coronal.jpg,C:\Beyond_vision\semi_supervised learning GAN\semi_supervised learning GAN\dataset\0.05\labelled_msk\015_positive_01015_1_2024-02-15_5_coronal.nii
C:\Beyond_vision\semi_supervised learning GAN\semi_supervised learning GAN\dataset\0.05\labelled_img\015_positive_01015_1_2024-02-15_5_sagittal.jpg,C:\Beyond_vision\semi_supervised learning GAN\semi_supervised learning GAN\dataset\0.05\labelled_msk\015_positive_01015_1_2024-02-15_5_sagittal.nii
C:\Beyond_vision\semi_supervised learning GAN\semi_supervised learning GAN\dataset\0.05\labelled_img\015_positive_01015_1_2024-02-15_60_coronal.jpg,C:\Beyond_vision\semi_supervised learning GAN\semi_supervised learning GAN\dataset\0.05\labelled_msk\015_positive_01015_1_2024-02-15_60_coronal.nii
C:\Beyond_vision\semi_supervised learning GAN\semi_supervised learning GAN\dataset\0.05\labelled_img\015_positive_01015_1_2024-02-15_60_sagittal.jpg,C:\Beyond_vision\semi_supervised learning GAN\semi_supervised learning GAN\dataset\0.05\labelled_msk\015_positive_01015_1_2024-02-15_60_sagittal.nii
C:\Beyond_vision\semi_supervised learning GAN\semi_supervised learning GAN\dataset\0.05\labelled_img\015_positive_01015_1_2024-02-15_61_coronal.jpg,C:\Beyond_vision\semi_supervised learning GAN\semi_supervised learning GAN\dataset\0.05\labelled_msk\015_positive_01015_1_2024-02-15_61_coronal.nii
C:\Beyond_vision\semi_supervised learning GAN\semi_supervised learning GAN\dataset\0.05\labelled_img\015_positive_01015_1_2024-02-15_61_sagittal.jpg,C:\Beyond_vision\semi_supervised learning GAN\semi_supervised learning GAN\dataset\0.05\labelled_msk\015_positive_01015_1_2024-02-15_61_sagittal.nii
C:\Beyond_vision\semi_supervised learning GAN\semi_supervised learning GAN\dataset\0.05\labelled_img\015_positive_01015_1_2024-02-15_62_coronal.jpg,C:\Beyond_vision\semi_supervised learning GAN\semi_supervised learning GAN\dataset\0.05\labelled_msk\015_positive_01015_1_2024-02-15_62_coronal.nii
C:\Beyond_vision\semi_supervised learning GAN\semi_supervised learning GAN\dataset\0.05\labelled_img\015_positive_01015_1_2024-02-15_62_sagittal.jpg,C:\Beyond_vision\semi_supervised learning GAN\semi_supervised learning GAN\dataset\0.05\labelled_msk\015_positive_01015_1_2024-02-15_62_sagittal.nii
C:\Beyond_vision\semi_supervised learning GAN\semi_supervised learning GAN\dataset\0.05\labelled_img\015_positive_01015_1_2024-02-15_63_coronal.jpg,C:\Beyond_vision\semi_supervised learning GAN\semi_supervised learning GAN\dataset\0.05\labelled_msk\015_positive_01015_1_2024-02-15_63_coronal.nii
C:\Beyond_vision\semi_supervised learning GAN\semi_supervised learning GAN\dataset\0.05\labelled_img\015_positive_01015_1_2024-02-15_63_sagittal.jpg,C:\Beyond_vision\semi_supervised learning GAN\semi_supervised learning GAN\dataset\0.05\labelled_msk\015_positive_01015_1_2024-02-15_63_sagittal.nii
C:\Beyond_vision\semi_supervised learning GAN\semi_supervised learning GAN\dataset\0.05\labelled_img\015_positive_01015_1_2024-02-15_64_coronal.jpg,C:\Beyond_vision\semi_supervised learning GAN\semi_supervised learning GAN\dataset\0.05\labelled_msk\015_positive_01015_1_2024-02-15_64_coronal.nii
C:\Beyond_vision\semi_supervised learning GAN\semi_supervised learning GAN\dataset\0.05\labelled_img\015_positive_01015_1_2024-02-15_64_sagittal.jpg,C:\Beyond_vision\semi_supervised learning GAN\semi_supervised learning GAN\dataset\0.05\labelled_msk\015_positive_01015_1_2024-02-15_64_sagittal.nii
C:\Beyond_vision\semi_supervised learning GAN\semi_supervised learning GAN\dataset\0.05\labelled_img\015_positive_01015_1_2024-02-15_65_coronal.jpg,C:\Beyond_vision\semi_supervised learning GAN\semi_supervised learning GAN\dataset\0.05\labelled_msk\015_positive_01015_1_2024-02-15_65_coronal.nii
C:\Beyond_vision\semi_supervised learning GAN\semi_supervised learning GAN\dataset\0.05\labelled_img\015_positive_01015_1_2024-02-15_65_sagittal.jpg,C:\Beyond_vision\semi_supervised learning GAN\semi_supervised learning GAN\dataset\0.05\labelled_msk\015_positive_01015_1_2024-02-15_65_sagittal.nii
C:\Beyond_vision\semi_supervised learning GAN\semi_supervised learning GAN\dataset\0.05\labelled_img\015_positive_01015_1_2024-02-15_66_coronal.jpg,C:\Beyond_vision\semi_supervised learning GAN\semi_supervised learning GAN\dataset\0.05\labelled_msk\015_positive_01015_1_2024-02-15_66_coronal.nii
C:\Beyond_vision\semi_supervised learning GAN\semi_supervised learning GAN\dataset\0.05\labelled_img\015_positive_01015_1_2024-02-15_66_sagittal.jpg,C:\Beyond_vision\semi_supervised learning GAN\semi_supervised learning GAN\dataset\0.05\labelled_msk\015_positive_01015_1_2024-02-15_66_sagittal.nii
C:\Beyond_vision\semi_supervised learning GAN\semi_supervised learning GAN\dataset\0.05\labelled_img\015_positive_01015_1_2024-02-15_67_coronal.jpg,C:\Beyond_vision\semi_supervised learning GAN\semi_supervised learning GAN\dataset\0.05\labelled_msk\015_positive_01015_1_2024-02-15_67_coronal.nii
C:\Beyond_vision\semi_supervised learning GAN\semi_supervised learning GAN\dataset\0.05\labelled_img\015_positive_01015_1_2024-02-15_67_sagittal.jpg,C:\Beyond_vision\semi_supervised learning GAN\semi_supervised learning GAN\dataset\0.05\labelled_msk\015_positive_01015_1_2024-02-15_67_sagittal.nii
C:\Beyond_vision\semi_supervised learning GAN\semi_supervised learning GAN\dataset\0.05\labelled_img\015_positive_01015_1_2024-02-15_68_coronal.jpg,C:\Beyond_vision\semi_supervised learning GAN\semi_supervised learning GAN\dataset\0.05\labelled_msk\015_positive_01015_1_2024-02-15_68_coronal.nii
C:\Beyond_vision\semi_supervised learning GAN\semi_supervised learning GAN\dataset\0.05\labelled_img\015_positive_01015_1_2024-02-15_68_sagittal.jpg,C:\Beyond_vision\semi_supervised learning GAN\semi_supervised learning GAN\dataset\0.05\labelled_msk\015_positive_01015_1_2024-02-15_68_sagittal.nii
C:\Beyond_vision\semi_supervised learning GAN\semi_supervised learning GAN\dataset\0.05\labelled_img\015_positive_01015_1_2024-02-15_69_coronal.jpg,C:\Beyond_vision\semi_supervised learning GAN\semi_supervised learning GAN\dataset\0.05\labelled_msk\015_positive_01015_1_2024-02-15_69_coronal.nii
C:\Beyond_vision\semi_supervised learning GAN\semi_supervised learning GAN\dataset\0.05\labelled_img\015_positive_01015_1_2024-02-15_69_sagittal.jpg,C:\Beyond_vision\semi_supervised learning GAN\semi_supervised learning GAN\dataset\0.05\labelled_msk\015_positive_01015_1_2024-02-15_69_sagittal.nii
C:\Beyond_vision\semi_supervised learning GAN\semi_supervised learning GAN\dataset\0.05\labelled_img\015_positive_01015_1_2024-02-15_6_coronal.jpg,C:\Beyond_vision\semi_supervised learning GAN\semi_supervised learning GAN\dataset\0.05\labelled_msk\015_positive_01015_1_2024-02-15_6_coronal.nii
C:\Beyond_vision\semi_supervised learning GAN\semi_supervised learning GAN\dataset\0.05\labelled_img\015_positive_01015_1_2024-02-15_6_sagittal.jpg,C:\Beyond_vision\semi_supervised learning GAN\semi_supervised learning GAN\dataset\0.05\labelled_msk\015_positive_01015_1_2024-02-15_6_sagittal.nii
C:\Beyond_vision\semi_supervised learning GAN\semi_supervised learning GAN\dataset\0.05\labelled_img\015_positive_01015_1_2024-02-15_70_coronal.jpg,C:\Beyond_vision\semi_supervised learning GAN\semi_supervised learning GAN\dataset\0.05\labelled_msk\015_positive_01015_1_2024-02-15_70_coronal.nii
C:\Beyond_vision\semi_supervised learning GAN\semi_supervised learning GAN\dataset\0.05\labelled_img\015_positive_01015_1_2024-02-15_70_sagittal.jpg,C:\Beyond_vision\semi_supervised learning GAN\semi_supervised learning GAN\dataset\0.05\labelled_msk\015_positive_01015_1_2024-02-15_70_sagittal.nii
C:\Beyond_vision\semi_supervised learning GAN\semi_supervised learning GAN\dataset\0.05\labelled_img\015_positive_01015_1_2024-02-15_71_coronal.jpg,C:\Beyond_vision\semi_supervised learning GAN\semi_supervised learning GAN\dataset\0.05\labelled_msk\015_positive_01015_1_2024-02-15_71_coronal.nii
C:\Beyond_vision\semi_supervised learning GAN\semi_supervised learning GAN\dataset\0.05\labelled_img\015_positive_01015_1_2024-02-15_71_sagittal.jpg,C:\Beyond_vision\semi_supervised learning GAN\semi_supervised learning GAN\dataset\0.05\labelled_msk\015_positive_01015_1_2024-02-15_71_sagittal.nii
C:\Beyond_vision\semi_supervised learning GAN\semi_supervised learning GAN\dataset\0.05\labelled_img\015_positive_01015_1_2024-02-15_72_coronal.jpg,C:\Beyond_vision\semi_supervised learning GAN\semi_supervised learning GAN\dataset\0.05\labelled_msk\015_positive_01015_1_2024-02-15_72_coronal.nii
C:\Beyond_vision\semi_supervised learning GAN\semi_supervised learning GAN\dataset\0.05\labelled_img\015_positive_01015_1_2024-02-15_72_sagittal.jpg,C:\Beyond_vision\semi_supervised learning GAN\semi_supervised learning GAN\dataset\0.05\labelled_msk\015_positive_01015_1_2024-02-15_72_sagittal.nii
C:\Beyond_vision\semi_supervised learning GAN\semi_supervised learning GAN\dataset\0.05\labelled_img\015_positive_01015_1_2024-02-15_73_coronal.jpg,C:\Beyond_vision\semi_supervised learning GAN\semi_supervised learning GAN\dataset\0.05\labelled_msk\015_positive_01015_1_2024-02-15_73_coronal.nii
C:\Beyond_vision\semi_supervised learning GAN\semi_supervised learning GAN\dataset\0.05\labelled_img\015_positive_01015_1_2024-02-15_73_sagittal.jpg,C:\Beyond_vision\semi_supervised learning GAN\semi_supervised learning GAN\dataset\0.05\labelled_msk\015_positive_01015_1_2024-02-15_73_sagittal.nii
C:\Beyond_vision\semi_supervised learning GAN\semi_supervised learning GAN\dataset\0.05\labelled_img\015_positive_01015_1_2024-02-15_74_coronal.jpg,C:\Beyond_vision\semi_supervised learning GAN\semi_supervised learning GAN\dataset\0.05\labelled_msk\015_positive_01015_1_2024-02-15_74_coronal.nii
C:\Beyond_vision\semi_supervised learning GAN\semi_supervised learning GAN\dataset\0.05\labelled_img\015_positive_01015_1_2024-02-15_74_sagittal.jpg,C:\Beyond_vision\semi_supervised learning GAN\semi_supervised learning GAN\dataset\0.05\labelled_msk\015_positive_01015_1_2024-02-15_74_sagittal.nii
C:\Beyond_vision\semi_supervised learning GAN\semi_supervised learning GAN\dataset\0.05\labelled_img\015_positive_01015_1_2024-02-15_75_coronal.jpg,C:\Beyond_vision\semi_supervised learning GAN\semi_supervised learning GAN\dataset\0.05\labelled_msk\015_positive_01015_1_2024-02-15_75_coronal.nii
C:\Beyond_vision\semi_supervised learning GAN\semi_supervised learning GAN\dataset\0.05\labelled_img\015_positive_01015_1_2024-02-15_75_sagittal.jpg,C:\Beyond_vision\semi_supervised learning GAN\semi_supervised learning GAN\dataset\0.05\labelled_msk\015_positive_01015_1_2024-02-15_75_sagittal.nii
C:\Beyond_vision\semi_supervised learning GAN\semi_supervised learning GAN\dataset\0.05\labelled_img\015_positive_01015_1_2024-02-15_76_coronal.jpg,C:\Beyond_vision\semi_supervised learning GAN\semi_supervised learning GAN\dataset\0.05\labelled_msk\015_positive_01015_1_2024-02-15_76_coronal.nii
C:\Beyond_vision\semi_supervised learning GAN\semi_supervised learning GAN\dataset\0.05\labelled_img\015_positive_01015_1_2024-02-15_76_sagittal.jpg,C:\Beyond_vision\semi_supervised learning GAN\semi_supervised learning GAN\dataset\0.05\labelled_msk\015_positive_01015_1_2024-02-15_76_sagittal.nii
C:\Beyond_vision\semi_supervised learning GAN\semi_supervised learning GAN\dataset\0.05\labelled_img\015_positive_01015_1_2024-02-15_77_coronal.jpg,C:\Beyond_vision\semi_supervised learning GAN\semi_supervised learning GAN\dataset\0.05\labelled_msk\015_positive_01015_1_2024-02-15_77_coronal.nii
C:\Beyond_vision\semi_supervised learning GAN\semi_supervised learning GAN\dataset\0.05\labelled_img\015_positive_01015_1_2024-02-15_77_sagittal.jpg,C:\Beyond_vision\semi_supervised learning GAN\semi_supervised learning GAN\dataset\0.05\labelled_msk\015_positive_01015_1_2024-02-15_77_sagittal.nii
C:\Beyond_vision\semi_supervised learning GAN\semi_supervised learning GAN\dataset\0.05\labelled_img\015_positive_01015_1_2024-02-15_78_coronal.jpg,C:\Beyond_vision\semi_supervised learning GAN\semi_supervised learning GAN\dataset\0.05\labelled_msk\015_positive_01015_1_2024-02-15_78_coronal.nii
C:\Beyond_vision\semi_supervised learning GAN\semi_supervised learning GAN\dataset\0.05\labelled_img\015_positive_01015_1_2024-02-15_78_sagittal.jpg,C:\Beyond_vision\semi_supervised learning GAN\semi_supervised learning GAN\dataset\0.05\labelled_msk\015_positive_01015_1_2024-02-15_78_sagittal.nii
C:\Beyond_vision\semi_supervised learning GAN\semi_supervised learning GAN\dataset\0.05\labelled_img\015_positive_01015_1_2024-02-15_79_coronal.jpg,C:\Beyond_vision\semi_supervised learning GAN\semi_supervised learning GAN\dataset\0.05\labelled_msk\015_positive_01015_1_2024-02-15_79_coronal.nii
C:\Beyond_vision\semi_supervised learning GAN\semi_supervised learning GAN\dataset\0.05\labelled_img\015_positive_01015_1_2024-02-15_79_sagittal.jpg,C:\Beyond_vision\semi_supervised learning GAN\semi_supervised learning GAN\dataset\0.05\labelled_msk\015_positive_01015_1_2024-02-15_79_sagittal.nii
C:\Beyond_vision\semi_supervised learning GAN\semi_supervised learning GAN\dataset\0.05\labelled_img\015_positive_01015_1_2024-02-15_7_coronal.jpg,C:\Beyond_vision\semi_supervised learning GAN\semi_supervised learning GAN\dataset\0.05\labelled_msk\015_positive_01015_1_2024-02-15_7_coronal.nii
C:\Beyond_vision\semi_supervised learning GAN\semi_supervised learning GAN\dataset\0.05\labelled_img\015_positive_01015_1_2024-02-15_7_sagittal.jpg,C:\Beyond_vision\semi_supervised learning GAN\semi_supervised learning GAN\dataset\0.05\labelled_msk\015_positive_01015_1_2024-02-15_7_sagittal.nii
C:\Beyond_vision\semi_supervised learning GAN\semi_supervised learning GAN\dataset\0.05\labelled_img\015_positive_01015_1_2024-02-15_80_coronal.jpg,C:\Beyond_vision\semi_supervised learning GAN\semi_supervised learning GAN\dataset\0.05\labelled_msk\015_positive_01015_1_2024-02-15_80_coronal.nii
C:\Beyond_vision\semi_supervised learning GAN\semi_supervised learning GAN\dataset\0.05\labelled_img\015_positive_01015_1_2024-02-15_80_sagittal.jpg,C:\Beyond_vision\semi_supervised learning GAN\semi_supervised learning GAN\dataset\0.05\labelled_msk\015_positive_01015_1_2024-02-15_80_sagittal.nii
C:\Beyond_vision\semi_supervised learning GAN\semi_supervised learning GAN\dataset\0.05\labelled_img\015_positive_01015_1_2024-02-15_81_coronal.jpg,C:\Beyond_vision\semi_supervised learning GAN\semi_supervised learning GAN\dataset\0.05\labelled_msk\015_positive_01015_1_2024-02-15_81_coronal.nii
C:\Beyond_vision\semi_supervised learning GAN\semi_supervised learning GAN\dataset\0.05\labelled_img\015_positive_01015_1_2024-02-15_81_sagittal.jpg,C:\Beyond_vision\semi_supervised learning GAN\semi_supervised learning GAN\dataset\0.05\labelled_msk\015_positive_01015_1_2024-02-15_81_sagittal.nii
C:\Beyond_vision\semi_supervised learning GAN\semi_supervised learning GAN\dataset\0.05\labelled_img\015_positive_01015_1_2024-02-15_82_coronal.jpg,C:\Beyond_vision\semi_supervised learning GAN\semi_supervised learning GAN\dataset\0.05\labelled_msk\015_positive_01015_1_2024-02-15_82_coronal.nii
C:\Beyond_vision\semi_supervised learning GAN\semi_supervised learning GAN\dataset\0.05\labelled_img\015_positive_01015_1_2024-02-15_82_sagittal.jpg,C:\Beyond_vision\semi_supervised learning GAN\semi_supervised learning GAN\dataset\0.05\labelled_msk\015_positive_01015_1_2024-02-15_82_sagittal.nii
C:\Beyond_vision\semi_supervised learning GAN\semi_supervised learning GAN\dataset\0.05\labelled_img\015_positive_01015_1_2024-02-15_83_coronal.jpg,C:\Beyond_vision\semi_supervised learning GAN\semi_supervised learning GAN\dataset\0.05\labelled_msk\015_positive_01015_1_2024-02-15_83_coronal.nii
C:\Beyond_vision\semi_supervised learning GAN\semi_supervised learning GAN\dataset\0.05\labelled_img\015_positive_01015_1_2024-02-15_83_sagittal.jpg,C:\Beyond_vision\semi_supervised learning GAN\semi_supervised learning GAN\dataset\0.05\labelled_msk\015_positive_01015_1_2024-02-15_83_sagittal.nii
C:\Beyond_vision\semi_supervised learning GAN\semi_supervised learning GAN\dataset\0.05\labelled_img\015_positive_01015_1_2024-02-15_84_coronal.jpg,C:\Beyond_vision\semi_supervised learning GAN\semi_supervised learning GAN\dataset\0.05\labelled_msk\015_positive_01015_1_2024-02-15_84_coronal.nii
C:\Beyond_vision\semi_supervised learning GAN\semi_supervised learning GAN\dataset\0.05\labelled_img\015_positive_01015_1_2024-02-15_84_sagittal.jpg,C:\Beyond_vision\semi_supervised learning GAN\semi_supervised learning GAN\dataset\0.05\labelled_msk\015_positive_01015_1_2024-02-15_84_sagittal.nii
C:\Beyond_vision\semi_supervised learning GAN\semi_supervised learning GAN\dataset\0.05\labelled_img\015_positive_01015_1_2024-02-15_85_coronal.jpg,C:\Beyond_vision\semi_supervised learning GAN\semi_supervised learning GAN\dataset\0.05\labelled_msk\015_positive_01015_1_2024-02-15_85_coronal.nii
C:\Beyond_vision\semi_supervised learning GAN\semi_supervised learning GAN\dataset\0.05\labelled_img\015_positive_01015_1_2024-02-15_85_sagittal.jpg,C:\Beyond_vision\semi_supervised learning GAN\semi_supervised learning GAN\dataset\0.05\labelled_msk\015_positive_01015_1_2024-02-15_85_sagittal.nii
C:\Beyond_vision\semi_supervised learning GAN\semi_supervised learning GAN\dataset\0.05\labelled_img\015_positive_01015_1_2024-02-15_86_coronal.jpg,C:\Beyond_vision\semi_supervised learning GAN\semi_supervised learning GAN\dataset\0.05\labelled_msk\015_positive_01015_1_2024-02-15_86_coronal.nii
C:\Beyond_vision\semi_supervised learning GAN\semi_supervised learning GAN\dataset\0.05\labelled_img\015_positive_01015_1_2024-02-15_86_sagittal.jpg,C:\Beyond_vision\semi_supervised learning GAN\semi_supervised learning GAN\dataset\0.05\labelled_msk\015_positive_01015_1_2024-02-15_86_sagittal.nii
C:\Beyond_vision\semi_supervised learning GAN\semi_supervised learning GAN\dataset\0.05\labelled_img\015_positive_01015_1_2024-02-15_87_coronal.jpg,C:\Beyond_vision\semi_supervised learning GAN\semi_supervised learning GAN\dataset\0.05\labelled_msk\015_positive_01015_1_2024-02-15_87_coronal.nii
C:\Beyond_vision\semi_supervised learning GAN\semi_supervised learning GAN\dataset\0.05\labelled_img\015_positive_01015_1_2024-02-15_87_sagittal.jpg,C:\Beyond_vision\semi_supervised learning GAN\semi_supervised learning GAN\dataset\0.05\labelled_msk\015_positive_01015_1_2024-02-15_87_sagittal.nii
C:\Beyond_vision\semi_supervised learning GAN\semi_supervised learning GAN\dataset\0.05\labelled_img\015_positive_01015_1_2024-02-15_88_coronal.jpg,C:\Beyond_vision\semi_supervised learning GAN\semi_supervised learning GAN\dataset\0.05\labelled_msk\015_positive_01015_1_2024-02-15_88_coronal.nii
C:\Beyond_vision\semi_supervised learning GAN\semi_supervised learning GAN\dataset\0.05\labelled_img\015_positive_01015_1_2024-02-15_88_sagittal.jpg,C:\Beyond_vision\semi_supervised learning GAN\semi_supervised learning GAN\dataset\0.05\labelled_msk\015_positive_01015_1_2024-02-15_88_sagittal.nii
C:\Beyond_vision\semi_supervised learning GAN\semi_supervised learning GAN\dataset\0.05\labelled_img\015_positive_01015_1_2024-02-15_89_coronal.jpg,C:\Beyond_vision\semi_supervised learning GAN\semi_supervised learning GAN\dataset\0.05\labelled_msk\015_positive_01015_1_2024-02-15_89_coronal.nii
C:\Beyond_vision\semi_supervised learning GAN\semi_supervised learning GAN\dataset\0.05\labelled_img\015_positive_01015_1_2024-02-15_89_sagittal.jpg,C:\Beyond_vision\semi_supervised learning GAN\semi_supervised learning GAN\dataset\0.05\labelled_msk\015_positive_01015_1_2024-02-15_89_sagittal.nii
C:\Beyond_vision\semi_supervised learning GAN\semi_supervised learning GAN\dataset\0.05\labelled_img\015_positive_01015_1_2024-02-15_8_coronal.jpg,C:\Beyond_vision\semi_supervised learning GAN\semi_supervised learning GAN\dataset\0.05\labelled_msk\015_positive_01015_1_2024-02-15_8_coronal.nii
C:\Beyond_vision\semi_supervised learning GAN\semi_supervised learning GAN\dataset\0.05\labelled_img\015_positive_01015_1_2024-02-15_8_sagittal.jpg,C:\Beyond_vision\semi_supervised learning GAN\semi_supervised learning GAN\dataset\0.05\labelled_msk\015_positive_01015_1_2024-02-15_8_sagittal.nii
C:\Beyond_vision\semi_supervised learning GAN\semi_supervised learning GAN\dataset\0.05\labelled_img\015_positive_01015_1_2024-02-15_90_coronal.jpg,C:\Beyond_vision\semi_supervised learning GAN\semi_supervised learning GAN\dataset\0.05\labelled_msk\015_positive_01015_1_2024-02-15_90_coronal.nii
C:\Beyond_vision\semi_supervised learning GAN\semi_supervised learning GAN\dataset\0.05\labelled_img\015_positive_01015_1_2024-02-15_90_sagittal.jpg,C:\Beyond_vision\semi_supervised learning GAN\semi_supervised learning GAN\dataset\0.05\labelled_msk\015_positive_01015_1_2024-02-15_90_sagittal.nii
C:\Beyond_vision\semi_supervised learning GAN\semi_supervised learning GAN\dataset\0.05\labelled_img\015_positive_01015_1_2024-02-15_91_coronal.jpg,C:\Beyond_vision\semi_supervised learning GAN\semi_supervised learning GAN\dataset\0.05\labelled_msk\015_positive_01015_1_2024-02-15_91_coronal.nii
C:\Beyond_vision\semi_supervised learning GAN\semi_supervised learning GAN\dataset\0.05\labelled_img\015_positive_01015_1_2024-02-15_91_sagittal.jpg,C:\Beyond_vision\semi_supervised learning GAN\semi_supervised learning GAN\dataset\0.05\labelled_msk\015_positive_01015_1_2024-02-15_91_sagittal.nii
C:\Beyond_vision\semi_supervised learning GAN\semi_supervised learning GAN\dataset\0.05\labelled_img\015_positive_01015_1_2024-02-15_92_coronal.jpg,C:\Beyond_vision\semi_supervised learning GAN\semi_supervised learning GAN\dataset\0.05\labelled_msk\015_positive_01015_1_2024-02-15_92_coronal.nii
C:\Beyond_vision\semi_supervised learning GAN\semi_supervised learning GAN\dataset\0.05\labelled_img\015_positive_01015_1_2024-02-15_92_sagittal.jpg,C:\Beyond_vision\semi_supervised learning GAN\semi_supervised learning GAN\dataset\0.05\labelled_msk\015_positive_01015_1_2024-02-15_92_sagittal.nii
C:\Beyond_vision\semi_supervised learning GAN\semi_supervised learning GAN\dataset\0.05\labelled_img\015_positive_01015_1_2024-02-15_93_coronal.jpg,C:\Beyond_vision\semi_supervised learning GAN\semi_supervised learning GAN\dataset\0.05\labelled_msk\015_positive_01015_1_2024-02-15_93_coronal.nii
C:\Beyond_vision\semi_supervised learning GAN\semi_supervised learning GAN\dataset\0.05\labelled_img\015_positive_01015_1_2024-02-15_93_sagittal.jpg,C:\Beyond_vision\semi_supervised learning GAN\semi_supervised learning GAN\dataset\0.05\labelled_msk\015_positive_01015_1_2024-02-15_93_sagittal.nii
C:\Beyond_vision\semi_supervised learning GAN\semi_supervised learning GAN\dataset\0.05\labelled_img\015_positive_01015_1_2024-02-15_94_coronal.jpg,C:\Beyond_vision\semi_supervised learning GAN\semi_supervised learning GAN\dataset\0.05\labelled_msk\015_positive_01015_1_2024-02-15_94_coronal.nii
C:\Beyond_vision\semi_supervised learning GAN\semi_supervised learning GAN\dataset\0.05\labelled_img\015_positive_01015_1_2024-02-15_94_sagittal.jpg,C:\Beyond_vision\semi_supervised learning GAN\semi_supervised learning GAN\dataset\0.05\labelled_msk\015_positive_01015_1_2024-02-15_94_sagittal.nii
C:\Beyond_vision\semi_supervised learning GAN\semi_supervised learning GAN\dataset\0.05\labelled_img\015_positive_01015_1_2024-02-15_95_coronal.jpg,C:\Beyond_vision\semi_supervised learning GAN\semi_supervised learning GAN\dataset\0.05\labelled_msk\015_positive_01015_1_2024-02-15_95_coronal.nii
C:\Beyond_vision\semi_supervised learning GAN\semi_supervised learning GAN\dataset\0.05\labelled_img\015_positive_01015_1_2024-02-15_95_sagittal.jpg,C:\Beyond_vision\semi_supervised learning GAN\semi_supervised learning GAN\dataset\0.05\labelled_msk\015_positive_01015_1_2024-02-15_95_sagittal.nii
C:\Beyond_vision\semi_supervised learning GAN\semi_supervised learning GAN\dataset\0.05\labelled_img\015_positive_01015_1_2024-02-15_96_coronal.jpg,C:\Beyond_vision\semi_supervised learning GAN\semi_supervised learning GAN\dataset\0.05\labelled_msk\015_positive_01015_1_2024-02-15_96_coronal.nii
C:\Beyond_vision\semi_supervised learning GAN\semi_supervised learning GAN\dataset\0.05\labelled_img\015_positive_01015_1_2024-02-15_96_sagittal.jpg,C:\Beyond_vision\semi_supervised learning GAN\semi_supervised learning GAN\dataset\0.05\labelled_msk\015_positive_01015_1_2024-02-15_96_sagittal.nii
C:\Beyond_vision\semi_supervised learning GAN\semi_supervised learning GAN\dataset\0.05\labelled_img\015_positive_01015_1_2024-02-15_97_coronal.jpg,C:\Beyond_vision\semi_supervised learning GAN\semi_supervised learning GAN\dataset\0.05\labelled_msk\015_positive_01015_1_2024-02-15_97_coronal.nii
C:\Beyond_vision\semi_supervised learning GAN\semi_supervised learning GAN\dataset\0.05\labelled_img\015_positive_01015_1_2024-02-15_97_sagittal.jpg,C:\Beyond_vision\semi_supervised learning GAN\semi_supervised learning GAN\dataset\0.05\labelled_msk\015_positive_01015_1_2024-02-15_97_sagittal.nii
C:\Beyond_vision\semi_supervised learning GAN\semi_supervised learning GAN\dataset\0.05\labelled_img\015_positive_01015_1_2024-02-15_98_coronal.jpg,C:\Beyond_vision\semi_supervised learning GAN\semi_supervised learning GAN\dataset\0.05\labelled_msk\015_positive_01015_1_2024-02-15_98_coronal.nii
C:\Beyond_vision\semi_supervised learning GAN\semi_supervised learning GAN\dataset\0.05\labelled_img\015_positive_01015_1_2024-02-15_98_sagittal.jpg,C:\Beyond_vision\semi_supervised learning GAN\semi_supervised learning GAN\dataset\0.05\labelled_msk\015_positive_01015_1_2024-02-15_98_sagittal.nii
C:\Beyond_vision\semi_supervised learning GAN\semi_supervised learning GAN\dataset\0.05\labelled_img\015_positive_01015_1_2024-02-15_99_coronal.jpg,C:\Beyond_vision\semi_supervised learning GAN\semi_supervised learning GAN\dataset\0.05\labelled_msk\015_positive_01015_1_2024-02-15_99_coronal.nii
C:\Beyond_vision\semi_supervised learning GAN\semi_supervised learning GAN\dataset\0.05\labelled_img\015_positive_01015_1_2024-02-15_99_sagittal.jpg,C:\Beyond_vision\semi_supervised learning GAN\semi_supervised learning GAN\dataset\0.05\labelled_msk\015_positive_01015_1_2024-02-15_99_sagittal.nii
C:\Beyond_vision\semi_supervised learning GAN\semi_supervised learning GAN\dataset\0.05\labelled_img\015_positive_01015_1_2024-02-15_9_coronal.jpg,C:\Beyond_vision\semi_supervised learning GAN\semi_supervised learning GAN\dataset\0.05\labelled_msk\015_positive_01015_1_2024-02-15_9_coronal.nii
C:\Beyond_vision\semi_supervised learning GAN\semi_supervised learning GAN\dataset\0.05\labelled_img\015_positive_01015_1_2024-02-15_9_sagittal.jpg,C:\Beyond_vision\semi_supervised learning GAN\semi_supervised learning GAN\dataset\0.05\labelled_msk\015_positive_01015_1_2024-02-15_9_sagittal.nii
